Title,Date,City,Location,Category,Source,Link
Liberty Science Center Wild About Animals Spring Celebration,"Sat, Mar 28 · 10:00 AM",New Jersey,"222 Jersey City BlvdLiberty State Park, Jersey City",Other,Yelp Events,https://www.yelp.com/events/jersey-city-liberty-science-center-wild-about-animals-spring-celebration
DisruptHR Pittsburgh April 2026 Event,"Wed, Apr 1",Pittsburgh,"Rivers Casino, Pittsburgh",Other,Eventbrite,https://www.eventbrite.com/e/disrupthr-pittsburgh-april-2026-event-tickets-1981007744491
Blue Lou's Comedy Club  |   Open Mic Night!,"Wed, Apr 1",Pittsburgh,"1514 E Carson St, Pittsburgh",Music & Entertainment,Eventbrite,https://www.eventbrite.com/e/blue-lous-comedy-club-open-mic-night-tickets-1304696314799
Yoga Class,"Wed, Apr 1",Pittsburgh,"Emphico, Coraopolis",Wellness,Eventbrite,https://www.eventbrite.com/e/yoga-class-tickets-1979092604255
Trivia Night at The Chubby Pickle,"Wed, Apr 1",New Jersey,"The Chubby Pickle, Highlands",Other,Eventbrite,https://www.eventbrite.com/e/trivia-night-at-the-chubby-pickle-tickets-1497751879189
"Dance Sassy with Chris – Unleash Your Diva! (M/W, Dance Complex)","Wed, Apr 1",Cambridge,"The Dance Complex, Cambridge",Other,Eventbrite,https://www.eventbrite.com/e/dance-sassy-with-chris-unleash-your-diva-mw-dance-complex-tickets-1985083956551
Silent Book Club of Woburn,"Wed, Apr 1",Cambridge,"327 Main St, Woburn, MA, USA, Woburn",Culture & Learning,Eventbrite,https://www.eventbrite.com/e/silent-book-club-of-woburn-tickets-1984513958672
Flash Comedy,"Wed, Apr 1",New York,"Mood Ring, Brooklyn",Music & Entertainment,Eventbrite,https://www.eventbrite.com/e/flash-comedy-tickets-1979288921445
Adult Majorette Dance Class,"Wed, Apr 1",New York,"Fit4Dance, BROOKLYN",Other,Eventbrite,https://www.eventbrite.com/e/adult-majorette-dance-class-tickets-1978807688063
Re:Set with Dave Lawrence & Medux,"Wed, Apr 1 · 10:00 AM",Boston,"Phoenix Landing, Boston",Other,Resident Advisor,https://ra.co/events/2408314
Discovering King Tut's Tomb,"Wed, Apr 1 · 10:00 AM",Boston,"The Saunders Castle at Park Plaza, Boston",Other,Fever,https://feverup.com/m/532123
Dino Safari: A Walk-Thru Adventure,"Wed, Apr 1 · 11:00 AM",Cambridge,"CambridgeSide, Cambridge",Outdoor & Fitness,Fever,https://feverup.com/m/564900
Anonymous Sonic Artist Creates - Open Studio,"Wed, Apr 1 · 11:30 AM",New York,"TBA - Reforesters Laboratory, New York City",Other,Resident Advisor,https://ra.co/events/2375625
Passover 2026 at Talia's - Kosher Restaurant NYC (Upper West Side),"Wed, Apr 1 · 2:00 PM",New York,"Talias Steakhouse, New York City",Social & Dining,Resident Advisor,https://ra.co/events/2349391
DEEP PRANA Sound Bath,"Wed, Apr 1 · 6:00 PM",Pittsburgh,"TBA - Location will be emailed to you after ticket purchase., Pittsburgh",Wellness,Resident Advisor,https://ra.co/events/2382906
Bubble Planet: An Immersive Experience at American Dream,"Wed, Apr 1 · 6:30 PM",New Jersey,"American Dream, Jersey City",Other,Fever,https://feverup.com/m/176115
Open Decks with STEEN and OJ Acetone,"Wed, Apr 1 · 7:00 PM",New York,"SILO, New York City",Other,Resident Advisor,https://ra.co/events/2354476
Intro To Ableton Lab: Mixing and Mastering Level 1,"Wed, Apr 1 · 7:00 PM",New York,"Nowadays, New York City",Other,Resident Advisor,https://ra.co/events/2361515
"Club Akira: Jonquar , Lo , hellcartier , CryoutMercy, Iluvonionz, Deesworld, Evayin, D.va","Wed, Apr 1 · 7:00 PM",New York,"Jupiter Disco, New York City",Other,Resident Advisor,https://ra.co/events/2392633
Cirque du Soleil 2026: LUZIA in Miami,"Wed, Apr 1 · 7:30 PM",New York,"Under the Big Top at Gulfstream Park, Miami",Other,Fever,https://feverup.com/m/457507
Outer Heaven presents: Rana Iravani + Auphoria,"Wed, Apr 1 · 8:00 PM",New York,"Outer Heaven, New York City",Other,Resident Advisor,https://ra.co/events/2383563
REMEDY PLACE BOSTON ANNIVERSARY PARTY,"Wed, Apr 1 · 8:00 PM",Boston,"Remedy Place Boston, 370 Summer St, Boston",Other,Luma · Personal,https://lu.ma/wthc4x3n
Deep AF,"Wed, Apr 1 · 9:00 PM",Pittsburgh,"The Government Center, Pittsburgh",Other,Resident Advisor,https://ra.co/events/2399227
DANCE FOOL! - Analog Soul + Donny Burlin = OEA Collective - OEA presents:,"Wed, Apr 1 · 10:00 PM",New York,"Bossa Nova Civic Club, New York City",Other,Resident Advisor,https://ra.co/events/2375703
Luck O' The Irish: Dances with Fools,"Wed, Apr 1 · 10:00 PM",New York,"TBA, New York City",Other,Resident Advisor,https://ra.co/events/2380947
Fool Frequency,"Wed, Apr 1 · 10:00 PM",New York,"Eris, New York City",Other,Resident Advisor,https://ra.co/events/2380982
ALL NATIONS DANCE,"Wed, Apr 1 · 10:00 PM",New York,"Mood Ring, New York City",Other,Resident Advisor,https://ra.co/events/2391834
GTM Eng NYC: Claude Code + GTM Lightning Talks - Real-world use cases driving pipeline,"Wed, Apr 1 · 10:00 PM",New York,New York,Culture & Learning,Luma · Deepline,https://lu.ma/ycfvnrlq
Replit x RevenueCat: NYC Builder Meetup,"Wed, Apr 1 · 10:00 PM",New York,New York,Other,Luma · RevenueCat Events,https://lu.ma/yeeows9r
Boston Social Conversations - April Event,"Wed, Apr 1 · 10:30 PM",Boston,"Aeronaut Brewing Company, 14 Tyler St, Somerville",Other,Luma · Millennial Crisis,https://lu.ma/1gcp6mzi
Fat Cat Fab Lab Makerspace Open House,"Wed, Apr 1 · 11:00 PM",New York,"Fat Cat Fab Lab, 224 W 4th St #250, New York",Wellness,Luma · Deep Tech Week,https://lu.ma/1emd3tjb
The New York Philosophy Club: Columbus Circle,"Wed, Apr 1 · 11:00 PM",New York,"New York Society for Ethical Culture, 2 W 64th St, New York",Culture & Learning,Luma · The New York Philosophy C,https://lu.ma/nkg1hwy6
"Elsewhere Presents: Pearly Drops, Teather @ Market Hotel","Thu, Apr 2",New York,"Market Hotel, Brooklyn",Arts & Crafts,Eventbrite,https://www.eventbrite.com/e/elsewhere-presents-pearly-drops-teather-market-hotel-tickets-1632026869299
"Am I The Drama, Cardi B Unofficial After Party","Thu, Apr 2",Boston,"Dani’s Queer Bar, Boston",Other,Eventbrite,https://www.eventbrite.com/e/am-i-the-drama-cardi-b-unofficial-after-party-tickets-1983909393401
City Access NY presents: Beeping Egg Hunt,"Thu, Apr 2",New York,"Snug Harbor Cultural Center and Botanical Garden, New York",Other,Allevents,https://allevents.in/new-york/city-access-ny-presents-beeping-egg-hunt/200029793724218
Trivia Night,"Thu, Apr 2",Pittsburgh,"Hotel Indigo Pittsburgh University-Oakland by IHG, Pittsburgh",Other,Eventbrite,https://www.eventbrite.com/e/trivia-night-tickets-1983624865370
Wood 1 Series: Foundations with John Henley,"Thu, Apr 2",Pittsburgh,"Contemporary Craft - Timmons Studios, Pittsburgh",Arts & Crafts,Eventbrite,https://www.eventbrite.com/e/wood-1-series-foundations-with-john-henley-registration-1983049705050
Popping & Animation Dance Class,"Thu, Apr 2",Pittsburgh,"Level Up Studios, Pittsburgh",Other,Eventbrite,https://www.eventbrite.com/e/popping-animation-dance-class-tickets-1362405313969
Basic Adult Hip Hop Dance Class,"Thu, Apr 2",Pittsburgh,"Level Up Studios, Pittsburgh",Other,Eventbrite,https://www.eventbrite.com/e/basic-adult-hip-hop-dance-class-tickets-1362393207759
Free Wine Tasting,"Thu, Apr 2",New Jersey,"BBB Liquors, Bayonne",Social & Dining,Eventbrite,https://www.eventbrite.com/e/free-wine-tasting-tickets-1983882169975
Speed Dating and Wine Tasting,"Thu, Apr 2",New Jersey,"895 Paulison Ave, Clifton",Social & Dining,Eventbrite,https://www.eventbrite.com/e/speed-dating-and-wine-tasting-tickets-1984640012703
Kids Salsa Dance Classes,"Thu, Apr 2",New Jersey,"Center for Modern Dance Education, Hackensack",Other,Eventbrite,https://www.eventbrite.com/e/kids-salsa-dance-classes-tickets-1981023820575
Sip & Sculpt Pottery Workshop,"Thu, Apr 2",Boston,"Dorchester Brewing Company, Boston",Arts & Crafts,Eventbrite,https://www.eventbrite.com/e/sip-sculpt-pottery-workshop-tickets-1984490115356
Thursday Silent Book Club,"Thu, Apr 2",Cambridge,"The Purple Couch Bookshop, North Andover",Culture & Learning,Eventbrite,https://www.eventbrite.com/e/thursday-silent-book-club-tickets-1979622537299
Introduction to Wine 101 | A Guided Wine Tasting,"Thu, Apr 2",New York,"54 Eldridge St, New York",Social & Dining,Eventbrite,https://www.eventbrite.com/e/introduction-to-wine-101-a-guided-wine-tasting-tickets-1983265565695
March Comedy Madness - A Stand Up Comedy Competition!,"Thu, Apr 2",New York,"The Grisly Pear - Midtown, New York",Music & Entertainment,Eventbrite,https://www.eventbrite.com/e/march-comedy-madness-a-stand-up-comedy-competition-tickets-1983934932790
One-time Pottery Class - Bowery,"Thu, Apr 2",New York,"136 Bowery, New York",Arts & Crafts,Eventbrite,https://www.eventbrite.com/e/one-time-pottery-class-bowery-tickets-1980979865103
Love and Clay: Couple's Pottery Class - Bowery,"Thu, Apr 2",New York,"136 Bowery, New York",Arts & Crafts,Eventbrite,https://www.eventbrite.com/e/love-and-clay-couples-pottery-class-bowery-tickets-1980980710632
Private Party with Pottery Class - Bowery,"Thu, Apr 2",New York,"136 Bowery, New York",Arts & Crafts,Eventbrite,https://www.eventbrite.com/e/private-party-with-pottery-class-bowery-tickets-1980987274264
ARTE MUSEUM: An Immersive Media Art Exhibition,"Thu, Apr 2 · 10:00 AM",New York,"Arte Museum New York, New York",Culture & Learning,Fever,https://feverup.com/m/385958
American Museum of Natural History,"Thu, Apr 2 · 10:00 AM",New York,"American Museum of Natural History (AMNH), New York",Culture & Learning,Fever,https://feverup.com/m/124690
Dopamine Land: A Multisensory Experience,"Thu, Apr 2 · 11:00 AM",New Jersey,"Westfield Garden State Plaza, Jersey City",Other,Fever,https://feverup.com/m/198837
Frontiers of Neuro with PsyMed Ventures,"Thu, Apr 2 · 5:00 PM",New York,New York,Other,Luma · Deep Tech Week,https://lu.ma/u6bkgxab
Drunk Romeo & Juliet,"Thu, Apr 2 · 7:00 PM",New York,"The Ruby Theatre NYC, New York",Outdoor & Fitness,Fever,https://feverup.com/m/381056
Funding & Banking the Next Generation of Biotech Lecture Series - Session 2,"Thu, Apr 2 · 9:00 PM",Boston,"Goldenson Building, Boston, MA 02115",Culture & Learning,Luma · Personal,https://lu.ma/k2xv98c4
Fireside Chat & Happy Hour: C10 Labs (AI Fund & Studio) x Global AI Frontier Lab (NYU) x NYCEDC,"Thu, Apr 2 · 9:00 PM",New York,"1 MetroTech Center, Brooklyn, NY 11201",Other,Luma · Deep Tech Week,https://lu.ma/lkvr6z09
x402 Developer Sessions + Meetup,"Thu, Apr 2 · 9:00 PM",New York,New York,Other,Luma · Solana Skyline NYC,https://lu.ma/x3q6zpkw
Shane Dougherty,"Thu, Apr 2 · 9:30 PM",Boston,"Bsmnt, Boston",Other,Resident Advisor,https://ra.co/events/2406633
Characters Hackathon,"Thu, Apr 2 · 9:30 PM",New York,New York,Other,Luma · Runway,https://lu.ma/characters-hackathon
MCP in the Wild: The Future of Data Agents in Production (NYC),"Thu, Apr 2 · 9:30 PM",New York,"307 W 38th St #1505, New York, NY 10018",Other,Luma · ODSC AI (Open Data Scienc,https://lu.ma/e1y4c9jv
KEEP ON - Trip Report / Joe Tagessian / STUSSMAN G,"Thu, Apr 2 · 10:00 PM",Boston,"Middlesex, Boston",Other,Resident Advisor,https://ra.co/events/2403954
elements - Rubix sendoff party with Mr. EyesLee & Glittrgrime,"Thu, Apr 2 · 10:00 PM",Boston,"Phoenix Landing, Boston",Other,Resident Advisor,https://ra.co/events/2407806
Boston Women in Fintech: AI is Changing Fintech. Who Gets to Shape it?,"Thu, Apr 2 · 10:00 PM",Boston,"200 Clarendon St, Boston, MA 02116",Other,Luma · Personal,https://lu.ma/pddii2ff
AI Content + Vibe Code Night,"Thu, Apr 2 · 10:00 PM",New York,"42 Broadway ste 2060, New York, NY 10004",Other,Luma · Personal,https://lu.ma/94poavb2
"""Apple Face"" Vernissage","Thu, Apr 2 · 10:00 PM",New York,"Mriya Gallery, 101 Reade St, New York",Culture & Learning,Luma · Personal,https://lu.ma/3immmzjf
Harnesses: Engineering AI Reading Group,"Thu, Apr 2 · 10:00 PM",New York,New York,Other,Luma · New York AI Labs,https://lu.ma/v2c24jy4
Friday Night Lights Everyone FREE B4 12am w/RSVP at Mama Taco Bk,"Fri, Apr 3",New York,"MAMATACO, Brooklyn",Other,Eventbrite,https://www.eventbrite.com/e/friday-night-lights-everyone-free-b4-12am-wrsvp-at-mama-taco-bk-tickets-1977459767396
Good Friday | Viernes Santo,"Fri, Apr 3",New Jersey,"Cathedral Basilica of the Sacred Heart, Newark",Other,Allevents,https://allevents.in/newark/good-friday-|-viernes-santo/200029860840010
Julie Rhodes & Dred Buffalo,"Fri, Apr 3",Cambridge,"Lizard Lounge, Cambridge",Other,Eventbrite,https://www.eventbrite.com/e/julie-rhodes-dred-buffalo-tickets-1982904438554
Technology & National Security Conference 2026,"Fri, Apr 3",Cambridge,"Kresge Auditorium, Cambridge",Other,Eventbrite,https://www.eventbrite.com/e/technology-national-security-conference-2026-tickets-1977520516097
The World Famous Harlem Gospel Choir Easter Weekend Brunch,"Fri, Apr 3",New York,"Blue Note Jazz Club - New York, New York",Outdoor & Fitness,Allevents,https://allevents.in/new-york/the-world-famous-harlem-gospel-choir-easter-weekend-brunch/2300029603443137
EASTER MEGA YACHT PARTY  WEEKEND PARTY CRUISE NEW YORK CITY,"Fri, Apr 3",New York,"Pier 36 NYC, New York",Other,Allevents,https://allevents.in/new-york/easter-mega-yacht-party-weekend-party-cruise-new-york-city/100001983479473499
Evening Spin: A Pottery Date Night,"Fri, Apr 3",New Jersey,"ShanaBPottery The Studio, Union City",Arts & Crafts,Eventbrite,https://www.eventbrite.com/e/evening-spin-a-pottery-date-night-tickets-1982630583446
Date Night Wheel Throwing Workshop at Say It With Clay,"Fri, Apr 3",New Jersey,"Say It With Clay, Collingswood",Other,Eventbrite,https://www.eventbrite.com/e/date-night-wheel-throwing-workshop-at-say-it-with-clay-tickets-1984059262664
"Avalon Dance Productions presents ""ICONS — Live Music & Dance Showcase""","Fri, Apr 3",Boston,"Crystal Ballroom, Somerville",Music & Entertainment,Eventbrite,https://www.eventbrite.com/e/avalon-dance-productions-presents-icons-live-music-dance-showcase-tickets-1982160567616
Black Story Teller’s Book Club,"Fri, Apr 3",Cambridge,"lala books, Lowell",Culture & Learning,Eventbrite,https://www.eventbrite.com/e/black-story-tellers-book-club-tickets-1977710898536
Senior Celebration Trivia Night,"Fri, Apr 3",Cambridge,"Newburyport Elks Function Rooms and Pavillion, Newburyport",Other,Eventbrite,https://www.eventbrite.com/e/senior-celebration-trivia-night-tickets-1983324590239
Chair Yoga at Ethical Culture,"Fri, Apr 3",New York,"New York Society for Ethical Culture, New York",Wellness,Eventbrite,https://www.eventbrite.com/e/chair-yoga-at-ethical-culture-tickets-1980198694601
Above the Code: MCP Summit Social hosted by AWS Open Source,"Fri, Apr 3 · 12:30 AM",New York,"Elsie Rooftop, 1412 Broadway, New York",Other,Luma · Personal,https://lu.ma/jex5jvcu
Aladdin on Broadway,"Fri, Apr 3 · 1:00 PM",New York,"New Amsterdam Theatre, New York",Culture & Learning,Fever,https://feverup.com/m/316350
Robotics & Embodied Intelligence!,"Fri, Apr 3 · 1:30 PM",New York,"370 Jay St, Brooklyn, NY 11201",Other,Luma · Deep Tech Week,https://lu.ma/ppscswcn
Accelerating New Nuclear with AI,"Fri, Apr 3 · 2:00 PM",New York,New York,Other,Luma · Deep Tech Week,https://lu.ma/6t9pcsfm
Build Your Agentic Research Assistant,"Fri, Apr 3 · 7:00 PM",Cambridge,Cambridge,Other,Luma · Personal,https://lu.ma/bvjy0mnr
Candlelight: 90s Hip-Hop on Strings,"Fri, Apr 3 · 7:00 PM",Boston,"Simons Theatre, Boston",Arts & Crafts,Fever,https://feverup.com/m/472230
"Family Nature Night & Bonfire Social at New Weis Center (Ringwood, NJ)","Fri, Apr 3 · 7:00 PM",New York,"150 Snake Den Rd, Ringwood",Other,Yelp Events,https://www.yelp.com/events/ringwood-family-nature-night-and-bonfire-social-at-new-weis-center-ringwood-nj
Dan Docimo: One Night Only,"Fri, Apr 3 · 8:00 PM",Pittsburgh,"1226 Arlington Ave, Pittsburgh",Other,Yelp Events,https://www.yelp.com/events/pittsburgh-dan-docimo-one-night-only
Brat City X System Failure present: Leonce,"Fri, Apr 3 · 9:00 PM",Boston,"288 Green St, Boston",Other,Resident Advisor,https://ra.co/events/2393646
DestiNation At DESTINOS,"Fri, Apr 3 · 9:00 PM",New Jersey,"Destino Lounge, New Jersey",Other,Resident Advisor,https://ra.co/events/2397782
DMTRI,"Fri, Apr 3 · 9:30 PM",Boston,"Bsmnt, Boston",Other,Resident Advisor,https://ra.co/events/2406636
Angrybaby: The Spring Tour 2026,"Fri, Apr 3 · 10:00 PM",Boston,"The Grand, Boston",Culture & Learning,Resident Advisor,https://ra.co/events/2406631
Different Font,"Fri, Apr 3 · 10:00 PM",Boston,"Mémoire Boston, Boston",Other,Resident Advisor,https://ra.co/events/2406638
Costa's Wicked Rippah,"Fri, Apr 3 · 10:00 PM",Boston,"Scorpion Bar Boston, Boston",Other,Resident Advisor,https://ra.co/events/2406639
FIRST FRIDAY'S: BOSTON UNDERGROUND,"Fri, Apr 3 · 10:00 PM",Boston,"The Chemist, Boston",Other,Resident Advisor,https://ra.co/events/2407455
"GOOD MUSIC FRIDAYS WITH ZAC DEAN, TONY SPINS, & DJ VIC","Fri, Apr 3 · 10:00 PM",New Jersey,"Porta, New Jersey",Music & Entertainment,Resident Advisor,https://ra.co/events/2402873
"Tea, Chat & Meditation","Fri, Apr 3 · 10:00 PM",New York,"Dharma Drum Meditation Center, 122 W 26th St suite 801, New York",Wellness,Luma · Dharma Drum Meditation Ce,https://lu.ma/gna34292
Riichi Mahjong Learn-and-Play,"Sat, Apr 4",New York,"Sparrow's Nest Studio, New York",Wellness,Eventbrite,https://www.eventbrite.com/e/riichi-mahjong-learn-and-play-tickets-1980245134504
Easter Egg Hunt at Lamplighter CX,"Sat, Apr 4",Cambridge,"Lamplighter Brewing Co. - CX, Cambridge",Other,Allevents,https://allevents.in/cambridge/easter-egg-hunt-at-lamplighter-cx/100001985447133824
Easter Eggstravaganza!,"Sat, Apr 4",Cambridge,"Cambridge Community Center, Cambridge",Other,Allevents,https://allevents.in/cambridge/easter-eggstravaganza/100001985440331478
The Annual Royal Easter Ball Pittsburgh,"Sat, Apr 4",Pittsburgh,"Wyndham Grand Pittsburgh Downtown, Pittsburgh",Other,Allevents,https://allevents.in/pittsburgh/the-annual-royal-easter-ball-pittsburgh/100001984466689288
Blacklight Easter Egg Hunt,"Sat, Apr 4",Pittsburgh,"Fun Slides Carpet Skatepark and Party Center, Pittsburgh",Other,Allevents,https://allevents.in/pittsburgh/blacklight-easter-egg-hunt/100001984328714602
EASTER FEST,"Sat, Apr 4",Pittsburgh,"7600 Grand Ave, Pittsburgh",Other,Allevents,https://allevents.in/pittsburgh/easter-fest/100001983985282387
The Great Treasure Trove Easter Egg Hunt &amp; Sip + Shop,"Sat, Apr 4",Pittsburgh,"57 Noble Ave, Pittsburgh, PA, Pittsburgh",Other,Allevents,https://allevents.in/pittsburgh/the-great-treasure-trove-easter-egg-hunt-and-sip-shop/200029796381231
Easter Egg Hunt,"Sat, Apr 4",Pittsburgh,"Waverly Presbyterian Church, Pittsburgh",Other,Allevents,https://allevents.in/pittsburgh/easter-egg-hunt/100001983379596765
EASTER KIDS CRUISE NEW JERSEY CITY SATURDAY 2:30PM,"Sat, Apr 4",New Jersey,"Liberty Harbor Marina Boatyard, Jersey City",Other,Allevents,https://allevents.in/jersey-city/easter-kids-cruise-new-jersey-city-saturday-2-30pm/100001984681041421
Easter FUNDAY,"Sat, Apr 4",New Jersey,"276 1st St, Jersey City, NJ 07302, United States, Jersey City",Other,Allevents,https://allevents.in/jersey-city/easter-funday/200029553941331
Easter Weekend Kids Party Cruise,"Sat, Apr 4",New Jersey,"11 Marin Blvd, Jersey City",Other,Allevents,https://allevents.in/jersey-city/easter-weekend-kids-party-cruise/100001984208988498
VINYL RECORDS! Jersey City Record Riot! An outdoor vinyl mkt Sat April 4th,"Sat, Apr 4",New Jersey,"Grove Street PATH Plaza, Jersey City",Outdoor & Fitness,Allevents,https://allevents.in/jersey-city/vinyl-records-jersey-city-record-riot-an-outdoor-vinyl-mkt-sat-april-4th/100001984983407807
Easter Vigil | Vigilia Pascual,"Sat, Apr 4",New Jersey,"Cathedral Basilica of the Sacred Heart, Newark",Other,Allevents,https://allevents.in/newark/easter-vigil-|-vigilia-pascual/200029860839406
Fun Family Festival Easter Egg Hunt!,"Sat, Apr 4",New Jersey,"The Rock Place, Newark",Music & Entertainment,Allevents,https://allevents.in/newark/fun-family-festival-easter-egg-hunt/100001984939920736
DONUTS WITH THE EASTER BUNNY,"Sat, Apr 4",New Jersey,"7th Ave at Clifton Ave, Newark, NJ, Newark",Other,Allevents,https://allevents.in/newark/donuts-with-the-easter-bunny/200029845037117
TrapxCanvas - Pittsburgh,"Sat, Apr 4",Pittsburgh,"Sheraton Pittsburgh Hotel at Station Square, Pittsburgh",Other,Eventbrite,https://www.eventbrite.com/e/trapxcanvas-pittsburgh-tickets-1984934350074
Groovy,"Sat, Apr 4",Boston,"Sorrel and Lime, Boston",Other,Eventbrite,https://www.eventbrite.com/e/groovy-tickets-1985200860213
Rum and Music &quot;CRUIZIN&quot; Spring Breeze 26,"Sat, Apr 4",New York,"City Cruises, New York",Music & Entertainment,Allevents,https://allevents.in/new-york/rum-and-music-cruizin-spring-breeze-26/100001983791849825
Easter Kids Party Cruise,"Sat, Apr 4",New York,"Kids Party Cruise, New York",Other,Allevents,https://allevents.in/new-york/easter-kids-party-cruise/100001980324593167
Adult Easter Egg Hunt,"Sat, Apr 4",New York,"Tavern On the Green, New York",Other,Allevents,https://allevents.in/new-york/adult-easter-egg-hunt/100001983272544569
Fort Tryon Egg Hunt,"Sat, Apr 4",New York,"Fort Tryon Park's Dongan Lawn, New York",Other,Allevents,https://allevents.in/new-york/fort-tryon-egg-hunt/100001984195051813
NYSoM Easter Eggstravaganza 2026,"Sat, Apr 4",New York,"Sherman Creek, New York",Other,Allevents,https://allevents.in/new-york/nysom-easter-eggstravaganza-2026/100001978385349838
Egg Hunt,"Sat, Apr 4",Boston,"Johnson Park, Boston",Other,Allevents,https://allevents.in/boston/egg-hunt/100001983973648590
Easter in the City: The Eggstravaganza - The Ultimate Easter Experience,"Sat, Apr 4",Boston,"Little Haiti International Cuisine, Boston",Other,Allevents,https://allevents.in/boston/easter-in-the-city-the-eggstravaganza-the-ultimate-easter-experience/100001985739249550
450 BDAY NJ,"Sat, Apr 4",New Jersey,"XL Nightlife, Elizabeth",Other,Eventbrite,https://www.eventbrite.com/e/450-bday-nj-tickets-1983265228687
Swine and Unwind: Pig Yoga,"Sat, Apr 4",Pittsburgh,"Pigsburgh Squealers Rescue, Tarentum",Wellness,Eventbrite,https://www.eventbrite.com/e/swine-and-unwind-pig-yoga-tickets-1979316091712
Rooftop Vinyasa Yoga,"Sat, Apr 4",Pittsburgh,"Etage Athletic Club, Pittsburgh",Wellness,Eventbrite,https://www.eventbrite.com/e/rooftop-vinyasa-yoga-registration-1986213489013
Spring Floral Design With Soren Soto of Galleria Botanica,"Sat, Apr 4",Pittsburgh,"Contemporary Craft - Timmons Studios, Pittsburgh",Arts & Crafts,Eventbrite,https://www.eventbrite.com/e/spring-floral-design-with-soren-soto-of-galleria-botanica-registration-1981864874189
Metal Clay Whistle Pendant with Donna Penoyer,"Sat, Apr 4",Pittsburgh,"Contemporary Craft - Raphael Building, Pittsburgh",Arts & Crafts,Eventbrite,https://www.eventbrite.com/e/metal-clay-whistle-pendant-with-donna-penoyer-registration-1980132434415
Divino Tasting Room Presents: Weekend Wine School @Artfront Galleries,"Sat, Apr 4",New Jersey,"Artfront Galleries, Newark",Social & Dining,Eventbrite,https://www.eventbrite.com/e/divino-tasting-room-presents-weekend-wine-school-artfront-galleries-tickets-1981070321661
Comedy-Carl E Haupt-Tropicana AC-Sat 4/4 8pm-33% Off,"Sat, Apr 4",New Jersey,"Tropicana Atlantic City, Atlantic City",Music & Entertainment,Eventbrite,https://www.eventbrite.com/e/comedy-carl-e-haupt-tropicana-ac-sat-44-8pm-33-off-tickets-1982359800527
Train for the Memorial Day 10k with Amazing Feet Running Club,"Sat, Apr 4",New Jersey,"Loantaka Brook Reservation, Morristown",Outdoor & Fitness,Eventbrite,https://www.eventbrite.com/e/train-for-the-memorial-day-10k-with-amazing-feet-running-club-tickets-1985608884625
Downtown Comedy Club: Matthew P. Brown,"Sat, Apr 4",Boston,"Democracy Brewing, Boston",Music & Entertainment,Eventbrite,https://www.eventbrite.com/e/downtown-comedy-club-matthew-p-brown-tickets-1984326730668
Hatha Yoga with Live Music,"Sat, Apr 4",Cambridge,"The Lilypad, Cambridge",Wellness,Eventbrite,https://www.eventbrite.com/e/hatha-yoga-with-live-music-registration-1985480272944
Boston Singles Event: Trivia Night (Ages 25–40),"Sat, Apr 4",Boston,"Chemist Cocktail Bar, Boston",Social & Dining,Eventbrite,https://www.eventbrite.com/e/boston-singles-event-trivia-night-ages-2540-tickets-1985117779717
Moss Art Workshop,"Sat, Apr 4",Cambridge,"Craft Loft (Cambridge Store), Cambridge",Arts & Crafts,Eventbrite,https://www.eventbrite.com/e/moss-art-workshop-tickets-1984073676777
Cardio Dance Community Class,"Sat, Apr 4",Boston,"Revamp Training, Boston",Other,Eventbrite,https://www.eventbrite.com/e/cardio-dance-community-class-tickets-1981881897105
Pottery Workshop - Wheel Throwing! (4/4; 2-4pm) Craft Art Day!,"Sat, Apr 4",Cambridge,"Pudgy’s Place, Peabody",Arts & Crafts,Eventbrite,https://www.eventbrite.com/e/pottery-workshop-wheel-throwing-44-2-4pm-craft-art-day-registration-1983464469622
Praise & Paint,"Sat, Apr 4",New York,"1313 Bedford Ave, Brooklyn",Arts & Crafts,Eventbrite,https://www.eventbrite.com/e/praise-paint-tickets-1986042047226
Founders Running Club :: New-York,"Sat, Apr 4",New York,"Abingdon Square, New York",Outdoor & Fitness,Eventbrite,https://www.eventbrite.com/e/founders-running-club-new-york-tickets-1984060301772
commUNITY Run Club,"Sat, Apr 4",New York,"Nicklz - Times Square Dispensary, New York",Outdoor & Fitness,Eventbrite,https://www.eventbrite.com/e/community-run-club-tickets-1781425925899
Bunny Bash Easter Egg Hunt,"Sat, Apr 4 · 10:00 AM",Boston,"250 Devonshire St, Boston",Other,Yelp Events,https://www.yelp.com/events/boston-bunny-bash-easter-egg-hunt
Studio Saturdays: Inner Child Found Art Sculptures,"Sat, Apr 4 · 10:30 AM",Boston,"161 Essex St, Salem",Other,Yelp Events,https://www.yelp.com/events/salem-studio-saturdays-inner-child-found-art-sculptures
Boston Code and Coffee @ CIC,"Sat, Apr 4 · 12:00 PM",Cambridge,"CIC Cambridge @ 1 Broadway, Cambridge",Social & Dining,Meetup · Boston Code and Coffee,https://www.meetup.com/boston-code-and-coffee/events/313684217/
Fix It Yourself: Everyday Clothing Repairs,"Sat, Apr 4 · 12:00 PM",New York,"27-16 23rd Ave, Astoria",Other,Yelp Events,https://www.yelp.com/events/astoria-fix-it-yourself-everyday-clothing-repairs
"Personalized Agents Hackathon | Hosted by Lightning.AI, Validia","Sat, Apr 4 · 1:30 PM",New York,"Newlab, 19 Morris Ave, Brooklyn",Other,Luma · Personal,https://lu.ma/0xjqdkau
[Stripe Press] Boston Pop-up,"Sat, Apr 4 · 3:00 PM",Cambridge,"VESTER Cambridge, 73 Ames St, Cambridge",Other,Luma · Personal,https://lu.ma/8qukz62d
Emerging Writers Summit,"Sat, Apr 4 · 4:00 PM",Boston,"Curry Student Center, 360 Huntington Ave, Boston",Other,Luma · Personal,https://lu.ma/4nz23bh8
WBGO presents All That Jazz at UCPAC's Hamilton Stage with Marion Meadows,"Sat, Apr 4 · 5:00 PM",New Jersey,"TBA - Union County Performing Arts Center, New Jersey",Music & Entertainment,Resident Advisor,https://ra.co/events/2330276
TWIRL,"Sat, Apr 4 · 9:00 PM",Pittsburgh,"Bottlerocket Social Hall, Pittsburgh",Other,Resident Advisor,https://ra.co/events/2376322
DJ Brownie & Orchard Lounge,"Sat, Apr 4 · 9:00 PM",Pittsburgh,"Thunderbird Café & Music Hall, Pittsburgh",Music & Entertainment,Resident Advisor,https://ra.co/events/2403885
JÄG,"Sat, Apr 4 · 9:00 PM",Pittsburgh,"Mary's Bar, Pittsburgh",Other,Resident Advisor,https://ra.co/events/2404176
Sip & Paint   (Watercolor),"Sun, Apr 5",New York,"520 8th Ave, New York",Arts & Crafts,Eventbrite,https://www.eventbrite.com/e/sip-paint-watercolor-tickets-1985319967466
"Easter Sunday in Cambridge - Music, Message, Community","Sun, Apr 5",Cambridge,"Aletheia Church Cambridge, Cambridge",Music & Entertainment,Allevents,https://allevents.in/cambridge/easter-sunday-in-cambridge-music-message-community/100001986237413572
Easter at the Hyatt,"Sun, Apr 5",Cambridge,"Hyatt Regency Boston / Cambridge, Cambridge",Other,Allevents,https://allevents.in/cambridge/easter-at-the-hyatt/100001985972782052
Easter,"Sun, Apr 5",Pittsburgh,"The Melting Pot (Pittsburgh, PA), Pittsburgh",Other,Allevents,https://allevents.in/pittsburgh/easter/200029849535513
Chef Zozula's Easter Brunch and Lamb cake bake off,"Sun, Apr 5",Pittsburgh,"black radish kitchen, Pittsburgh",Outdoor & Fitness,Allevents,https://allevents.in/pittsburgh/chef-zozulas-easter-brunch-and-lamb-cake-bake-off/100001984616960754
Bunnies &amp; Bubbly: Easter Brunch at RoofTop at Exchange Place,"Sun, Apr 5",New Jersey,"RoofTop at Exchange Place, Jersey City",Outdoor & Fitness,Allevents,https://allevents.in/jersey-city/bunnies-and-bubbly-easter-brunch-at-rooftop-at-exchange-place/80001068363959
Easter Weekend Kids Party Cruise Jersey City,"Sun, Apr 5",New Jersey,"11 Marin Blvd, Jersey City",Other,Allevents,https://allevents.in/jersey-city/easter-weekend-kids-party-cruise-jersey-city/100001984209181074
Easter weekend Kids Cruise From Liberty Harbor Marina JC,"Sun, Apr 5",New Jersey,"11 Marin Blvd, Jersey City",Other,Allevents,https://allevents.in/jersey-city/easter-weekend-kids-cruise-from-liberty-harbor-marina-jc/100001984204102885
Easter Sunday | Domingo de Resurrección,"Sun, Apr 5",New Jersey,"Cathedral Basilica of the Sacred Heart, Newark",Other,Allevents,https://allevents.in/newark/easter-sunday-|-domingo-de-resurrección/200029860840110
Easter Sunday-BIGGEST PARTY OF THE YEAR,"Sun, Apr 5",New Jersey,"7th Ave at Clifton Ave, Newark, NJ, United States, New Jersey 07104, Newark",Other,Allevents,https://allevents.in/newark/easter-sunday-biggest-party-of-the-year/200029734383215
Alive Again! Community Easter Celebration!,"Sun, Apr 5",New Jersey,"The Rock Place, Newark",Other,Allevents,https://allevents.in/newark/alive-again-community-easter-celebration/100001984937904706
Easter Festivities at Restaurant DANIEL,"Sun, Apr 5",New York,"Daniel, New York",Social & Dining,Allevents,https://allevents.in/new-york/easter-festivities-at-restaurant-daniel/80006891426785
"New England Symphonic Ensemble plays Lauridsen, Mozart and Vivaldi","Sun, Apr 5",New York,"Stern Auditorium / Perelman Stage, New York",Other,Allevents,https://allevents.in/new-york/new-england-symphonic-ensemble-plays-lauridsen-mozart-and-vivaldi/80002964271828
Resurrection Sunday at The Park,"Sun, Apr 5",New York,"Park Avenue Christian Church, New York",Other,Allevents,https://allevents.in/new-york/resurrection-sunday-at-the-park/100001984402811227
Easter Brunch at Omni Parker House,"Sun, Apr 5",Boston,"Parker's Restaurant, Boston",Outdoor & Fitness,Allevents,https://allevents.in/boston/easter-brunch-at-omni-parker-house/80001540607634
Easter Sunday Worship,"Sun, Apr 5",Boston,"455 Arborway, Boston",Other,Allevents,https://allevents.in/boston/easter-sunday-worship/100001983974102949
Easter BBQ Brunch Buffet Experience at Reunion BBQ,"Sun, Apr 5",Boston,"Reunion BBQ, Boston",Outdoor & Fitness,Allevents,https://allevents.in/boston/easter-bbq-brunch-buffet-experience-at-reunion-bbq/100001986140576931
Easter Brunch Buffet and Easter Egg Hunt,"Sun, Apr 5",Boston,"LUCIE drink + dine, Boston",Outdoor & Fitness,Allevents,https://allevents.in/boston/easter-brunch-buffet-and-easter-egg-hunt/100001984626292666
"Ritual Running Club: Friends & Family - Run, Jog, or  Walk","Sun, Apr 5",New Jersey,"Cramer Hill Waterfront Park, Camden",Outdoor & Fitness,Eventbrite,https://www.eventbrite.com/e/ritual-running-club-friends-family-run-jog-or-walk-tickets-1976743352580
Intro to Tango (Dance classes for beginners),"Sun, Apr 5",Boston,"Dance Union Studio, Somerville",Other,Eventbrite,https://www.eventbrite.com/e/intro-to-tango-dance-classes-for-beginners-tickets-1983638647593
Run Club,"Sun, Apr 5",Cambridge,"lululemon, Millbury",Outdoor & Fitness,Eventbrite,https://www.eventbrite.ca/e/run-club-tickets-1980720066037
Sunday Morning Run Club: lululemon x Central Park Run Club,"Sun, Apr 5",New York,"lululemon, New York",Outdoor & Fitness,Eventbrite,https://www.eventbrite.ca/e/sunday-morning-run-club-lululemon-x-central-park-run-club-tickets-1984774956323
Dried Flower Resin Craft Workshop,"Sun, Apr 5",New York,"51 35th St b209, Brooklyn",Arts & Crafts,Eventbrite,https://www.eventbrite.com/e/dried-flower-resin-craft-workshop-tickets-1983681972178
AFRICAN  DANCE CLASS,"Sun, Apr 5",New York,"520 8th Ave, New York",Other,Eventbrite,https://www.eventbrite.com/e/african-dance-class-tickets-1985316818046
Easter Sunday Kompa Dance Class,"Sun, Apr 5",New York,"520 8th Ave, New York",Other,Eventbrite,https://www.eventbrite.com/e/easter-sunday-kompa-dance-class-tickets-1835404467169
New York International Auto Show,"Sun, Apr 5 · 10:00 AM",New York,"655 W 34th St, New York",Music & Entertainment,Yelp Events,https://www.yelp.com/events/new-york-new-york-international-auto-show-4
"In-person Robotics Workshop For Kids (Free) in Danvers, MA","Sun, Apr 5 · 11:00 AM",Boston,"50 Dayton St,, Danvers",Other,Yelp Events,https://www.yelp.com/events/danvers-in-person-robotics-workshop-for-kids-free-in-danvers-ma-2
"Manoj Dias x HBS: Spirituality and Religion in the ""Temple of Capitalism""","Sun, Apr 5 · 8:45 PM",Boston,"Class of 1959 Chapel, Gordon Rd, Boston",Other,Luma · Personal,https://lu.ma/1odq6lux
College Basketball Championship Game Watch Party at The Greatest Bar,"Mon, Apr 6",Boston,"The Greatest Bar, Boston",Other,Eventbrite,https://www.eventbrite.com/e/college-basketball-championship-game-watch-party-at-the-greatest-bar-tickets-1982831373013
Reformation Sample Sale — Boston Seaport,"Mon, Apr 6",Boston,"62 Seaport Blvd, Boston",Other,Eventbrite,https://www.eventbrite.com/e/reformation-sample-sale-boston-seaport-tickets-1986031435486
Line Dancing with Carol,"Mon, Apr 6",New Jersey,"The Hive, Hamilton Township",Other,Eventbrite,https://www.eventbrite.com/e/line-dancing-with-carol-tickets-1984885102774
Trivia Night at Sunset Cantina,"Mon, Apr 6",Boston,"Sunset Cantina, Boston",Other,Eventbrite,https://www.eventbrite.com/e/trivia-night-at-sunset-cantina-tickets-1215710856899
"MURDER, THEY READ Book Club","Mon, Apr 6",New York,"Moxy NYC East Village, New York",Culture & Learning,Eventbrite,https://www.eventbrite.com/e/murder-they-read-book-club-tickets-1984076933518
Drunk Bollywood Trivia,"Mon, Apr 6",New York,"Caveat, New York",Outdoor & Fitness,Eventbrite,https://www.eventbrite.com/e/drunk-bollywood-trivia-tickets-1983388717044
Fash-a-thon Opening Night,"Mon, Apr 6 · 9:00 PM",New York,New York,Other,Luma · Personal,https://lu.ma/7qxgehbj
Designers who Vibe Code,"Mon, Apr 6 · 10:00 PM",New York,New York,Other,Luma · Personal,https://lu.ma/v4hrwrdx
NYC B2B: AI Founders & Investors Meetup,"Mon, Apr 6 · 10:30 PM",New York,New York,Other,Luma · NYC B2B: Startup Events,https://lu.ma/77osc4c6
"Free the Facts @ Pitt: Medicare's Past, Present, & Future","Tue, Apr 7",Pittsburgh,"William Pitt Union, Pittsburgh",Other,Eventbrite,https://www.eventbrite.com/e/free-the-facts-pitt-medicares-past-present-future-tickets-1985401289703
Trivia Night | Dave & Buster's - Homestead PA - TUE 730p @LeaderboardGames,"Tue, Apr 7",Pittsburgh,"Dave & Buster's Pittsburgh - Homestead, Homestead",Other,Eventbrite,https://www.eventbrite.com/e/trivia-night-dave-busters-homestead-pa-tue-730p-leaderboardgames-tickets-1326120665609
Chair Yoga (6 week series),"Tue, Apr 7",New Jersey,"Saltscape Wellness Center, Bogota",Wellness,Eventbrite,https://www.eventbrite.com/e/chair-yoga-6-week-series-tickets-1983303492134
Trivia Night at Echo Tap & Grille,"Tue, Apr 7",New Jersey,"Echo Tap & Grille, Mountainside",Other,Eventbrite,https://www.eventbrite.com/e/trivia-night-at-echo-tap-grille-tickets-1964515311179
"""Feeling Right"": Creative Dance Workshop","Tue, Apr 7",Cambridge,"North Cambridge Senior Center, Cambridge",Other,Eventbrite,https://www.eventbrite.com/e/feeling-right-creative-dance-workshop-tickets-1984334161895
ROMANCE Book Club,"Tue, Apr 7",New York,"The Ripped Bodice, Brooklyn",Culture & Learning,Eventbrite,https://www.eventbrite.com/e/romance-book-club-tickets-1984077318670
Hell Kitchen's Best Trivia Night!,"Tue, Apr 7",New York,"City Tavern & Table, New York",Other,Eventbrite,https://www.eventbrite.com/e/hell-kitchens-best-trivia-night-tickets-1981453225938
April: AI workflows at scale + K8s how-to,"Tue, Apr 7 · 6:00 PM",Cambridge,"90 Broadway, Cambridge",Other,Meetup · Boston Kubernetes Meetup,https://www.meetup.com/boston-kubernetes-meetup/events/312884167/
"Scott Institute Distinguished Lecture with Gretchen T. Goldman, Ph.D.","Wed, Apr 8",Pittsburgh,"Bosch Spark Conference  Room, Scott Hall, Pittsburgh",Wellness,Eventbrite,https://www.eventbrite.com/e/scott-institute-distinguished-lecture-with-gretchen-t-goldman-phd-tickets-1985738963695
No-Sew Tote Bag Workshop with Ujamaa Collective,"Wed, Apr 8",Pittsburgh,"East End Food Co-op, Pittsburgh",Arts & Crafts,Eventbrite,https://www.eventbrite.com/e/no-sew-tote-bag-workshop-with-ujamaa-collective-tickets-1983546097774
Intro to Waacking Dance Class,"Wed, Apr 8",Pittsburgh,"Level Up Studios, Pittsburgh",Other,Eventbrite,https://www.eventbrite.com/e/intro-to-waacking-dance-class-tickets-1980151688003
"Boston Gen AI Meetup April 2026: ""Coding and Engineering with AI”","Wed, Apr 8 · 6:00 PM",Cambridge,"Microsoft New England Research and Development Center, Cambridge",Other,Meetup · Boston Generative AI Meetup,https://www.meetup.com/boston-generative-ai-meetup/events/313563481/
Boston AI Music Meetup @ Berklee // April,"Wed, Apr 8 · 6:00 PM",Boston,"1140 1D - Lounge @ Berklee, Boston",Music & Entertainment,Meetup · Boston AI Music Meetup,https://www.meetup.com/boston-ai-music-meetup/events/313782118/
EASTER KIDS BOAT PARTY CRUISE JERSEY CITY NEW YORK CITY,"Thu, Apr 9",New Jersey,"Liberty Harbor Marina Boatyard, Jersey City",Other,Allevents,https://allevents.in/jersey-city/easter-kids-boat-party-cruise-jersey-city-new-york-city/100001984188267521
Marble Center 10th Anniversary Celebration,"Thu, Apr 9",Cambridge,"Broad Institute of MIT and Harvard, Cambridge",Other,Eventbrite,https://www.eventbrite.com/e/marble-center-10th-anniversary-celebration-tickets-1981343580987
HCSS - Colombian Spring Party,"Thu, Apr 9",Cambridge,"La Fabrica, Cambridge",Other,Eventbrite,https://www.eventbrite.com/e/hcss-colombian-spring-party-tickets-1985751045833
Paperback Platoon Book Club,"Thu, Apr 9",Pittsburgh,"Andrew Carnegie Free Library & Music Hall, Carnegie",Music & Entertainment,Eventbrite,https://www.eventbrite.com/e/paperback-platoon-book-club-tickets-1454614905339
True Story - Pages Non-fiction Book Club,"Thu, Apr 9",New Jersey,"Read Mill Books, Clinton",Culture & Learning,Eventbrite,https://www.eventbrite.com/e/true-story-pages-non-fiction-book-club-tickets-1980282852319
April Cover Every Genre Book Club: 'The President's Hat' by Antoine Laurain,"Thu, Apr 9",Boston,"Hummingbird Books, Newton",Culture & Learning,Eventbrite,https://www.eventbrite.com/e/april-cover-every-genre-book-club-the-presidents-hat-by-antoine-laurain-tickets-1980681810614
Brooks Run Club at Marathon Sports Brookline,"Thu, Apr 9",Boston,"Marathon Sports, Brookline",Outdoor & Fitness,Eventbrite,https://www.eventbrite.com/e/brooks-run-club-at-marathon-sports-brookline-tickets-1985869579370
Boston Singles Event: Trivia Night (Ages 40-55),"Thu, Apr 9",Boston,"Tiki Rock, Boston",Other,Eventbrite,https://www.eventbrite.com/e/boston-singles-event-trivia-night-ages-40-55-tickets-1985347750566
Validated AI Conference,"Thu, Apr 9 · 4:00 PM",Cambridge,Cambridge,Other,Luma · Personal,https://lu.ma/t2z81k8i
Wine Tasting,"Thu, Apr 9 · 5:00 PM",Boston,"Brix Wine Shop, Boston",Social & Dining,Meetup · After work hang out,https://www.meetup.com/life-after-works/events/313719883/
Agents at Work,"Thu, Apr 9 · 6:00 PM",Cambridge,"Microsoft NERD, Cambridge",Other,Meetup · Analytics.Club Boston: Data & ,https://www.meetup.com/ac-bos/events/313339745/
MLP Office Opening,"Thu, Apr 9 · 10:00 PM",Boston,"Millennium Latino Project, 614 Washington St Suite 403, Lynn",Other,Luma · Millennium Latino Project,https://lu.ma/jcgl2m1f
New York City Career Fair,"Fri, Apr 10",New York,"Hilton New York Hotel, New York",Other,Eventbrite,https://www.eventbrite.com/e/new-york-city-career-fair-tickets-497852368837
New York Career Fair,"Fri, Apr 10",New York,"Hilton Hotel, New York",Other,Eventbrite,https://www.eventbrite.com/e/new-york-career-fair-tickets-1979184081867
LOVE 2 LOVE - A DONNA SUMMER DISCO PARTY,"Fri, Apr 10",New York,"TV Eye, Queens",Other,Eventbrite,https://www.eventbrite.com/e/love-2-love-a-donna-summer-disco-party-tickets-1982801275992
PITTSBURGH 20s and 30s Social,"Fri, Apr 10",Pittsburgh,"Twelve Whiskey Barbecue, Pittsburgh",Other,Eventbrite,https://www.eventbrite.com/e/pittsburgh-20s-and-30s-social-tickets-1983636662656
"CID - No Introduction Tour - Pittsburgh, PA","Fri, Apr 10",Pittsburgh,"Enclave, Pittsburgh",Culture & Learning,Eventbrite,https://www.eventbrite.com/e/cid-no-introduction-tour-pittsburgh-pa-tickets-1983853433022
Boston YSA Conference,"Fri, Apr 10",Cambridge,"65 Binney St, Cambridge",Other,Eventbrite,https://www.eventbrite.com/e/boston-ysa-conference-tickets-1976639891124
Dr. Mary Claire Haver at First Parish Church,"Fri, Apr 10",Cambridge,"First Parish Church, Cambridge",Other,Eventbrite,https://www.eventbrite.com/e/dr-mary-claire-haver-at-first-parish-church-tickets-1983992031574
Living Together by Design: Housing to Connect Generations,"Fri, Apr 10",Cambridge,"Harvard University Graduate School Of Design, Cambridge",Other,Eventbrite,https://www.eventbrite.com/e/living-together-by-design-housing-to-connect-generations-tickets-1981209474872
"DITCH 'N' SPLASH ""Welcome to Spring""","Fri, Apr 10",New Jersey,"Island Waterpark at Showboat, Atlantic City",Music & Entertainment,Eventbrite,https://www.eventbrite.com/e/ditch-n-splash-welcome-to-spring-tickets-1980191167086
Country Line Dancing with Gena!,"Fri, Apr 10",Pittsburgh,"Emphico, Coraopolis",Other,Eventbrite,https://www.eventbrite.com/e/country-line-dancing-with-gena-tickets-1985957937652
Live at the Library Comedy Show,"Fri, Apr 10",New Jersey,"Hoboken Public Library, Hoboken",Music & Entertainment,Eventbrite,https://www.eventbrite.com/e/live-at-the-library-comedy-show-tickets-1981879432734
Intro to Rosé Wine,"Fri, Apr 10",Cambridge,"Commonwealth Wine School, Cambridge",Social & Dining,Eventbrite,https://www.eventbrite.com/e/intro-to-rose-wine-tickets-1982548313374
Mark Riley at The Comedy Den,"Fri, Apr 10",Boston,"Fox and Hound Tavern, Quincy",Music & Entertainment,Eventbrite,https://www.eventbrite.com/e/mark-riley-at-the-comedy-den-tickets-1980271633764
Stoughton Lions Club Trivia Night,"Fri, Apr 10",Cambridge,"14 Seaver St, Stoughton",Other,Eventbrite,https://www.eventbrite.com/e/stoughton-lions-club-trivia-night-tickets-1983544503004
Pottery Workshop - Wheel Throwing! (4/10; 7-9pm) Craft Art Night!,"Fri, Apr 10",Cambridge,"Pudgy’s Place, Peabody",Arts & Crafts,Eventbrite,https://www.eventbrite.com/e/pottery-workshop-wheel-throwing-410-7-9pm-craft-art-night-registration-1983464956077
TICKET GIVEAWAY! Enter to win 2 tickets to Dino Safari: A Walk Through Adventure (**KID FRIENDLY**),"Fri, Apr 10 · 11:00 AM",Cambridge,"100 Cambridgeside Pl, Cambridge",Outdoor & Fitness,Yelp Events,https://www.yelp.com/events/cambridge-ticket-giveaway-enter-to-win-2-tickets-to-dino-safari-a-walk-through-adventure-kid-friendly
No. 56-Tech Pulse 2030- Building and Scaling Responsible Systems for the Real World-Boston Event,"Fri, Apr 10 · 9:00 PM",Boston,Boston,Other,Luma · AI 2030 | Responsible AI,https://lu.ma/0mhwes5w
"GOOD MUSIC FRIDAYS WITH KEL, TELLI, & ROB RU","Fri, Apr 10 · 10:00 PM",New Jersey,"Porta, New Jersey",Music & Entertainment,Resident Advisor,https://ra.co/events/2402875
"Frailty in Aging Populations: Assessing Vulnerability in Clinical Care, Population Health, and Research","Fri, Apr 10 · 10:00 PM",Cambridge,Cambridge,Other,Luma · Aging Initiative,https://lu.ma/0x4m6gni
OWASP BASC 2026,"Sat, Apr 11",Cambridge,"Boston Marriott Cambridge, Cambridge",Other,Eventbrite,https://www.eventbrite.com/e/owasp-basc-2026-tickets-1982234637160
58 A.M. (After Martin),"Sat, Apr 11",Boston,"Wally's Cafe Jazz Club, Boston",Music & Entertainment,Allevents,https://allevents.in/boston/58-am-after-martin/100001985232671361
Comedy Night with Matt Light and friends,"Sat, Apr 11",Pittsburgh,"31 Sports Bar & Grille, Bridgeville",Music & Entertainment,Eventbrite,https://www.eventbrite.com/e/comedy-night-with-matt-light-and-friends-tickets-1983654687569
Cream Ridge Wine Tasting and Charcuterie,"Sat, Apr 11",New Jersey,"Mathis House a Victorian Bed & Breakfast and Tea Room, Toms River",Social & Dining,Eventbrite,https://www.eventbrite.com/e/cream-ridge-wine-tasting-and-charcuterie-tickets-1984410112064
Balkan Comedy Night New Jersey Saturday,"Sat, Apr 11",New Jersey,"Zina's Steakhouse & Grill, Teaneck",Music & Entertainment,Eventbrite,https://www.eventbrite.com/e/balkan-comedy-night-new-jersey-saturday-tickets-1979642250261
Yoga at NMOA,"Sat, Apr 11",New Jersey,"The Newark Museum of Art, Newark",Wellness,Eventbrite,https://www.eventbrite.com/e/yoga-at-nmoa-tickets-1983573541860
Autumn Lake Winery Yoga in the Vineyard Series,"Sat, Apr 11",New Jersey,"Autumn Lake Winery, Monroe",Wellness,Eventbrite,https://www.eventbrite.com/e/autumn-lake-winery-yoga-in-the-vineyard-series-tickets-1983043944821
Cooper Street Workshop: Crafting Structure in Flash Fiction,"Sat, Apr 11",New Jersey,"Rutgers Writers House, Camden",Arts & Crafts,Eventbrite,https://www.eventbrite.com/e/cooper-street-workshop-crafting-structure-in-flash-fiction-tickets-1976624019652
"Candle Making Workshop at The Muse ArtHouse, Closter","Sat, Apr 11",New Jersey,"84 Herbert Ave, Closter",Arts & Crafts,Eventbrite,https://www.eventbrite.com/e/candle-making-workshop-at-the-muse-arthouse-closter-tickets-1981247194693
Spoken Word / Dance,"Sat, Apr 11",New Jersey,"Showboat Resort Atlantic City, Atlantic City",Music & Entertainment,Eventbrite,https://www.eventbrite.com/e/spoken-word-dance-tickets-1615548893229
Melrose BEER + BITES Craft Brew Tasting Fundraiser 2026,"Sat, Apr 11",Boston,"Melrose Memorial Hall, Melrose",Arts & Crafts,Eventbrite,https://www.eventbrite.com/e/melrose-beer-bites-craft-brew-tasting-fundraiser-2026-tickets-1891121087079
Comedy Night w/ Jay Badlani @ Elephant & Castle (Downtown Boston),"Sat, Apr 11",Boston,"Elephant & Castle, Boston",Music & Entertainment,Eventbrite,https://www.eventbrite.com/e/comedy-night-w-jay-badlani-elephant-castle-downtown-boston-tickets-1980894139696
5k Beer Run x Sam Adams | 2026 MA Brewery Running Series,"Sat, Apr 11",Boston,"Samuel Adams Boston Brewery - Jamaica Plain, Boston",Outdoor & Fitness,Eventbrite,https://www.eventbrite.com/e/5k-beer-run-x-sam-adams-2026-ma-brewery-running-series-tickets-1980195119909
Emo Yoga at Deep Cuts,"Sat, Apr 11",Boston,"Deep Cuts - Eatery | Brewery | Live Music, Medford",Wellness,Eventbrite,https://www.eventbrite.com/e/emo-yoga-at-deep-cuts-tickets-1985832779300
Butterfly Yoga,"Sat, Apr 11",Cambridge,"The Butterfly Place, Westford",Wellness,Eventbrite,https://www.eventbrite.com/e/butterfly-yoga-tickets-1983149723207
Pottery Workshop - Wheel Throwing! (4/11; 6-8pm) Craft Art Night!,"Sat, Apr 11",Cambridge,"Pudgy’s Place, Peabody",Arts & Crafts,Eventbrite,https://www.eventbrite.com/e/pottery-workshop-wheel-throwing-411-6-8pm-craft-art-night-registration-1983465277037
BRUNCH Book Club,"Sat, Apr 11",New York,"Bushwick, Brooklyn",Outdoor & Fitness,Eventbrite,https://www.eventbrite.com/e/brunch-book-club-tickets-1984077553372
French Cheese & Wine Tasting,"Sat, Apr 11",New York,"Murray's Cheese Shop, New York",Social & Dining,Eventbrite,https://www.eventbrite.com/e/french-cheese-wine-tasting-tickets-1979776488772
Colors & Comedy: A Holi Comedy Show and Celebration,"Sat, Apr 11",New York,"The Local NY, Queens",Music & Entertainment,Eventbrite,https://www.eventbrite.com/e/colors-comedy-a-holi-comedy-show-and-celebration-tickets-1984436291367
Comedy Mob Showcase @ High Line Comedy Club,"Sat, Apr 11",New York,"High Line Comedy Club, New York",Music & Entertainment,Eventbrite,https://www.eventbrite.com/e/comedy-mob-showcase-high-line-comedy-club-tickets-1984063961719
Naked Yoga New York (NYNY) - All Levels,"Sat, Apr 11",New York,"38 W 32nd St, New York",Wellness,Eventbrite,https://www.eventbrite.com/e/naked-yoga-new-york-nyny-all-levels-tickets-1984348729467
Crafting Community: A Textile Arts Fair,"Sat, Apr 11",New York,"Our House, Queens",Arts & Crafts,Eventbrite,https://www.eventbrite.com/e/crafting-community-a-textile-arts-fair-tickets-1983469709294
D/S: Dance/ Surrender,"Sat, Apr 11",New York,"World Martial Arts Center Happy Kicks, Brooklyn",Other,Eventbrite,https://www.eventbrite.com/e/ds-dance-surrender-tickets-1968877289975
Yelp Event: Mamasushi Restaurant,"Sat, Apr 11 · 12:00 PM",New York,"3478 E Tremont Ave, Bronx",Social & Dining,Yelp Events,https://www.yelp.com/events/bronx-yelp-event-mamasushi-restaurant
Harvard XR 2026 Conference,"Sat, Apr 11 · 1:00 PM",Cambridge,"Harvard University, Massachusetts Hall, Cambridge",Other,Luma · Harvard XR,https://lu.ma/ah2aiw3y
Watson Adventures' Murder at the Art Museum Scavenger Hunt,"Sat, Apr 11 · 2:00 PM",Boston,"465 Huntington Ave, Boston",Culture & Learning,Yelp Events,https://www.yelp.com/events/boston-watson-adventures-murder-at-the-art-museum-scavenger-hunt-49
Annual Conference: Miles & Mindset,"Sat, Apr 11 · 6:00 PM",Boston,"Howard Thurman Center for Common Ground, 808 Commonwealth Ave, Brookline",Other,Luma · Boston Thai Network,https://lu.ma/milesandmindset
Making Connections at Urban Wild,"Sat, Apr 11 · 7:00 PM",Boston,"Urban Wild Boston, Boston",Other,Meetup · Boston Random Acts of Connecti,https://www.meetup.com/boston-random-acts-of-connection/events/313166664/
"Experience Dressed to Kilt, Scotland's Most Prestigious Fashion Show During Tartan Week in NYC on 4/11","Sat, Apr 11 · 7:30 PM",New York,"1216 Fifth Avenue, New York",Music & Entertainment,Yelp Events,https://www.yelp.com/events/new-york-experience-dressed-to-kilt-scotlands-most-prestigious-fashion-show-during-tartan-week-in-nyc-on-4-11
LazerCrunk feat Bok Bok (UK),"Sat, Apr 11 · 10:00 PM",Pittsburgh,"SideQuest on 44th, Pittsburgh",Outdoor & Fitness,Resident Advisor,https://ra.co/events/2388363
Honcho pres. Lauren Flax,"Sat, Apr 11 · 10:00 PM",Pittsburgh,"TBA - The New Hot Mass, Pittsburgh",Other,Resident Advisor,https://ra.co/events/2334661
Mosaic Workshop,"Sun, Apr 12",Cambridge,"Craft Loft (Cambridge Store), Cambridge",Arts & Crafts,Eventbrite,https://www.eventbrite.com/e/mosaic-workshop-tickets-1984150649003
The Tipsy Gnome Paint & Sip- Fushimi NYC,"Sun, Apr 12",New York,"Fushimi Times Square, New York",Arts & Crafts,Eventbrite,https://www.eventbrite.com/e/the-tipsy-gnome-paint-sip-fushimi-nyc-tickets-1967659691104
FEMMES Book Club,"Sun, Apr 12",New York,"Everything's Jake NYC Bar & Lounge, New York",Culture & Learning,Eventbrite,https://www.eventbrite.com/e/femmes-book-club-tickets-1984060965758
"Poetry Today Book Club: ""Homerica"" by Phoebe Giannisi","Sun, Apr 12",New York,"Book Club Bar, New York",Culture & Learning,Eventbrite,https://www.eventbrite.com/e/poetry-today-book-club-homerica-by-phoebe-giannisi-tickets-1984711978956
Low & Slow Yoga,"Sun, Apr 12",New York,"Fit4Dance, BROOKLYN",Wellness,Eventbrite,https://www.eventbrite.com/e/low-slow-yoga-tickets-1983151255791
Introduction to Cosplay Crafting - Workshop,"Sun, Apr 12",New York,"Japan Village, Brooklyn",Arts & Crafts,Eventbrite,https://www.eventbrite.com/e/introduction-to-cosplay-crafting-workshop-tickets-1985524763015
Arts and Crafts: DIY Clay Mirror Frame Workshop,"Sun, Apr 12",New York,"134 W 29th St fl 2, New York",Arts & Crafts,Eventbrite,https://www.eventbrite.com/e/arts-and-crafts-diy-clay-mirror-frame-workshop-tickets-1985776115818
"Yelp Event: Foraging as a New Hobby - Yelp In Bloom with ""Wildman"" Steve Brill","Sun, Apr 12 · 9:30 AM",New York,"1 Columbus Ave, Tuckahoe",Other,Yelp Events,https://www.yelp.com/events/tuckahoe-yelp-event-foraging-as-a-new-hobby-yelp-in-bloom-with-wildman-steve-brill
Sunday Mourning: Goth Brunch & Dark Dance Party || Chloe D'Cay Birthday Party,"Sun, Apr 12 · 2:00 PM",New Jersey,"Qxts Night Club, New Jersey",Outdoor & Fitness,Resident Advisor,https://ra.co/events/2407562
Boston Talks,"Sun, Apr 12 · 3:00 PM",Cambridge,"MIT Wong Auditorium, Tang Center, 2 Amherst St",Culture & Learning,Luma · Personal,https://lu.ma/iazcmaj4
BESTIES BOOK CLUB (Meets every second Monday),"Mon, Apr 13",Pittsburgh,"31 E Main St, Carnegie",Culture & Learning,Eventbrite,https://www.eventbrite.com/e/besties-book-club-meets-every-second-monday-tickets-1984087362712
Restorative Yoga Class,"Mon, Apr 13",Pittsburgh,"Emphico, Coraopolis",Wellness,Eventbrite,https://www.eventbrite.com/e/restorative-yoga-class-tickets-1984482313019
Leonetta Paint & Sip Night!,"Mon, Apr 13",New York,"Leonetta, New York",Arts & Crafts,Eventbrite,https://www.eventbrite.com/e/leonetta-paint-sip-night-tickets-1985546051690
Trivia Night!,"Mon, Apr 13",New York,"35-11 35th Ave, Queens",Other,Eventbrite,https://www.eventbrite.com/e/trivia-night-tickets-1986464834795
Cursor Boston Hack-a-Sprint,"Mon, Apr 13 · 8:00 PM",Boston,Boston,Other,Luma · Cursor Boston,https://lu.ma/uixo8hl6
Carnegie Mellon Guitar Ensemble,"Tue, Apr 14",Pittsburgh,"Kresge Theatre, College of Fine Arts, Pittsburgh",Culture & Learning,Eventbrite,https://www.eventbrite.com/e/carnegie-mellon-guitar-ensemble-tickets-1693329798009
Succulent Planting Workshop,"Tue, Apr 14",Cambridge,"Craft Loft (Cambridge Store), Cambridge",Arts & Crafts,Eventbrite,https://www.eventbrite.com/e/succulent-planting-workshop-tickets-1985591085387
Boston Alt Cloud Meetup (April 2026),"Tue, Apr 14 · 9:30 PM",Boston,Boston,Other,Luma · Datum & Friends,https://lu.ma/or9xabm6
Boston Founder/Funder Meetup: Round 3,"Tue, Apr 14 · 9:30 PM",Cambridge,Cambridge,Other,Luma · Personal,https://lu.ma/kki13fm1
South Park Trivia,"Wed, Apr 15",Pittsburgh,"täkō tôrtä, Pittsburgh",Other,Eventbrite,https://www.eventbrite.com/e/south-park-trivia-tickets-1980018187700
Miller's Corner -  Pages Fiction Book Club,"Wed, Apr 15",New Jersey,"Read Mill Books, Clinton",Culture & Learning,Eventbrite,https://www.eventbrite.com/e/millers-corner-pages-fiction-book-club-tickets-1980292579413
General Trivia Night,"Wed, Apr 15",New Jersey,"Kitchen and Beer Bar, Wanaque",Social & Dining,Eventbrite,https://www.eventbrite.com/e/general-trivia-night-tickets-1980920591815
Wine Wednesday Class @ Book Ends: Spotlight on Female Winemakers,"Wed, Apr 15",Boston,"Book Ends, Winchester",Social & Dining,Eventbrite,https://www.eventbrite.com/e/wine-wednesday-class-book-ends-spotlight-on-female-winemakers-tickets-1985213425797
"Wine, Cheese & The Pursuit Of Happiness @ Sanctuary","Wed, Apr 15",Cambridge,"Sanctuary Cultural Arts Center, Inc., Maynard",Social & Dining,Eventbrite,https://www.eventbrite.com/e/wine-cheese-the-pursuit-of-happiness-sanctuary-tickets-1984184952606
Celebrating 10 Years of MIT Sandbox,"Wed, Apr 15 · 5:15 PM",Cambridge,"Microsoft New England Research and Development Center, 1 Memorial Dr, Cambridge",Other,Luma · Personal,https://lu.ma/vcxll7xl
April Boston Marketing & Creative Meetup,"Wed, Apr 15 · 9:30 PM",Boston,"High Street Place Food Hall, 100 High St, Boston",Social & Dining,Luma · Boston Marketing & Creati,https://lu.ma/kbb1r55x
Dating in Pittsburgh - Paws and Pints at The Dog Penn,"Thu, Apr 16",Pittsburgh,"The Dog Penn, Pittsburgh",Other,Eventbrite,https://www.eventbrite.com/e/dating-in-pittsburgh-paws-and-pints-at-the-dog-penn-tickets-1985881718679
April Chapter Meeting,"Thu, Apr 16",Pittsburgh,"Rivers Club, Pittsburgh",Other,Eventbrite,https://www.eventbrite.com/e/april-chapter-meeting-tickets-1984835767210
Blind Wine Tasting with Wine Educator Jill Kummer,"Thu, Apr 16",Pittsburgh,"The Kitchen by Vangura, North Huntingdon",Social & Dining,Eventbrite,https://www.eventbrite.com/e/blind-wine-tasting-with-wine-educator-jill-kummer-tickets-1984513229491
Tales and Tankards - Premier History Book Club,"Thu, Apr 16",New Jersey,"Read Mill Books, Clinton",Culture & Learning,Eventbrite,https://www.eventbrite.com/e/tales-and-tankards-premier-history-book-club-tickets-1980290216345
Comedy Night @ Just Jakes,"Thu, Apr 16",New Jersey,"Just Jake's, Montclair",Music & Entertainment,Eventbrite,https://www.eventbrite.com/e/comedy-night-just-jakes-tickets-1983163549562
Kumiko Panels,"Thu, Apr 16",Boston,"Makers Gallery Boston, Boston",Culture & Learning,Eventbrite,https://www.eventbrite.com/e/kumiko-panels-tickets-1980750244301
Family Paint Party,"Thu, Apr 16",Cambridge,"Dave and Buster's (Woburn), Woburn",Arts & Crafts,Eventbrite,https://www.eventbrite.com/e/family-paint-party-tickets-1936656083479
Gentle Yoga,"Thu, Apr 16",New York,"Held Space, Brooklyn",Wellness,Eventbrite,https://www.eventbrite.com/e/gentle-yoga-tickets-1984199832111
Handbuilding Pottery Unwind with Wine,"Thu, Apr 16",New York,"255 McKibbin, Brooklyn",Arts & Crafts,Eventbrite,https://www.eventbrite.com/e/handbuilding-pottery-unwind-with-wine-tickets-1985543588322
Thrills & Chills - MEDIEVAL - Sinfully Dark Burlesque & Variety Show,"Thu, Apr 16 · 9:00 PM",New Jersey,"Qxts Night Club, New Jersey",Music & Entertainment,Resident Advisor,https://ra.co/events/2408725
"Baby J, Belters Only","Fri, Apr 17",New York,"Elsewhere, Brooklyn",Arts & Crafts,Eventbrite,https://www.eventbrite.com/e/baby-j-belters-only-tickets-1983454922065
McCormick & Schmick's + Caymus Vineyards Wine Dinner - Pittsburgh,"Fri, Apr 17",Pittsburgh,"McCormick & Schmick's Seafood & Steaks, Pittsburgh",Social & Dining,Eventbrite,https://www.eventbrite.com/e/mccormick-schmicks-caymus-vineyards-wine-dinner-pittsburgh-tickets-1978461539724
ADULT NIGHT - APRIL 2026,"Fri, Apr 17",Pittsburgh,"Kolor-N-Kiln, Pittsburgh",Other,Eventbrite,https://www.eventbrite.com/e/adult-night-april-2026-tickets-1985521277590
Line Dancing with Ann!,"Fri, Apr 17",Pittsburgh,"Emphico, Coraopolis",Other,Eventbrite,https://www.eventbrite.com/e/line-dancing-with-ann-tickets-1985957324819
ACP BYOB: Wheel Ceramics,"Fri, Apr 17",New Jersey,"Arts Council of Princeton, Princeton",Arts & Crafts,Eventbrite,https://www.eventbrite.com/e/acp-byob-wheel-ceramics-tickets-1976921791295
Craft and Cake workshop,"Fri, Apr 17",New Jersey,"Cakes by Iz, Pompton Lakes",Arts & Crafts,Eventbrite,https://www.eventbrite.com/e/craft-and-cake-workshop-tickets-1985603801421
Spring is in the Air! Cheese tasting and wine samples for warmer weather!,"Fri, Apr 17",Cambridge,"184 Water St, Wakefield",Social & Dining,Eventbrite,https://www.eventbrite.com/e/spring-is-in-the-air-cheese-tasting-and-wine-samples-for-warmer-weather-tickets-1979634595365
EconLOL: An Economics-Themed Comedy Show,"Fri, Apr 17",New York,"Caveat, New York",Music & Entertainment,Eventbrite,https://www.eventbrite.com/e/econlol-an-economics-themed-comedy-show-tickets-1980880819856
Project Dance New York City 2026,"Fri, Apr 17",New York,"TIMES SQUARE PLAZA, New York",Other,Eventbrite,https://www.eventbrite.com/e/project-dance-new-york-city-2026-tickets-1753523519049
Mind of a Serial Killer: The Experience in New York,"Fri, Apr 17 · 10:00 AM",New York,"526 6th Avenue, New York",Other,Fever,https://feverup.com/m/587584
Dining in the Dark: A Unique Blindfolded Dining Experience at Rivers Club Pittsburgh,"Fri, Apr 17 · 7:00 PM",Pittsburgh,"Rivers Club, Pittsburgh",Social & Dining,Fever,https://feverup.com/m/310191
Longturn presents: Weska,"Fri, Apr 17 · 9:00 PM",Pittsburgh,"SideQuest on 44th, Pittsburgh",Other,Resident Advisor,https://ra.co/events/2408676
"GOOD MUSIC FRIDAYS W/ MATT MORRO, Jacky Bruno, & B-NICE","Fri, Apr 17 · 10:00 PM",New Jersey,"Porta, New Jersey",Outdoor & Fitness,Resident Advisor,https://ra.co/events/2399605
Siesta Fiesta,"Fri, Apr 17 · 10:00 PM",Pittsburgh,"Spirit, Pittsburgh",Other,Resident Advisor,https://ra.co/events/2395685
Asim Azhar,"Sat, Apr 18",Cambridge,"Middle East - Downstairs, Cambridge",Other,Allevents,https://allevents.in/cambridge/asim-azhar/2300029332565801
Taylor Swift Eras Drag Brunch - Cambridge,"Sat, Apr 18",Cambridge,"Summer Shack (Cambridge, MA), Cambridge",Outdoor & Fitness,Allevents,https://allevents.in/cambridge/taylor-swift-eras-drag-brunch-cambridge/200029844326717
Stitch Easter Egg Hunt-Skate Event,"Sat, Apr 18",New Jersey,"7th Ave at Clifton Ave, Newark, NJ, United States, New Jersey 07104, Newark",Other,Allevents,https://allevents.in/newark/stitch-easter-egg-hunt-skate-event/200029735073749
CARLOS,"Sat, Apr 18",Boston,"Royale, Boston",Other,Eventbrite,https://www.eventbrite.com/e/carlos-tickets-1967265750818
"I LOVE R&B PARTY - Boston, MA","Sat, Apr 18",Cambridge,"The Middle East, Cambridge",Other,Eventbrite,https://www.eventbrite.com/e/i-love-rb-party-boston-ma-tickets-1982314203144
"Resin Tray Workshop at The Muse ArtHouse, Closter","Sat, Apr 18",New Jersey,"84 Herbert Ave, Closter",Other,Eventbrite,https://www.eventbrite.com/e/resin-tray-workshop-at-the-muse-arthouse-closter-tickets-1981239694259
Solemate Run Club: Seaport,"Sat, Apr 18",Boston,"Beyond Yoga, Boston",Wellness,Eventbrite,https://www.eventbrite.com/e/solemate-run-club-seaport-tickets-1985765247310
Spring Equinox Yoga: Weekly Hatha & Vinyasa Classes,"Sat, Apr 18",Cambridge,"The Foundry (Room: The Dance Studio - 2nd Floor), Cambridge",Wellness,Eventbrite,https://www.eventbrite.com/e/spring-equinox-yoga-weekly-hatha-vinyasa-classes-tickets-1983513559451
Candle Making Workshop,"Sat, Apr 18",New York,"The Glow Lab, Brooklyn",Arts & Crafts,Eventbrite,https://www.eventbrite.com/e/candle-making-workshop-tickets-1985403569522
Medieval Magick Faire,"Sat, Apr 18 · 12:00 PM",Pittsburgh,"1 Racquet Ln, Monroeville",Other,Yelp Events,https://www.yelp.com/events/monroeville-medieval-magick-faire
CLOACA,"Sat, Apr 18 · 10:00 PM",Pittsburgh,"TBA - emailed to ticket holders day of, Pittsburgh",Other,Resident Advisor,https://ra.co/events/2373729
The Grown Folks Bunny Games &amp; Egg Hunt,"Sun, Apr 19",Pittsburgh,"Homewood-Brushton Branch YMCA, Pittsburgh",Other,Allevents,https://allevents.in/pittsburgh/the-grown-folks-bunny-games-and-egg-hunt/100001986224417701
Yoga Budz Extra Special,"Sun, Apr 19",Pittsburgh,"Steel Goat Marketplace, Pittsburgh",Wellness,Eventbrite,https://www.eventbrite.com/e/yoga-budz-extra-special-tickets-1983318612359
Ritual Running Club: Ritual  Run/Walk,"Sun, Apr 19",New Jersey,"Cramer Hill Waterfront Park, Camden",Outdoor & Fitness,Eventbrite,https://www.eventbrite.com/e/ritual-running-club-ritual-runwalk-tickets-1978021923821
New Moon Restorative Yoga with Live Sound,"Sun, Apr 19",New Jersey,"Thyme Travelers Conservatory, Mount Laurel Township",Wellness,Eventbrite,https://www.eventbrite.com/e/new-moon-restorative-yoga-with-live-sound-tickets-1982591531641
REGGAETON DANCE CLASS,"Sun, Apr 19",New Jersey,"604 Valley Rd, Montclair",Other,Eventbrite,https://www.eventbrite.com/e/reggaeton-dance-class-tickets-1985820236785
420 Paint Night @ Castle Island South Boston,"Sun, Apr 19",Boston,"Castle Island Brewing - South Boston, Boston",Arts & Crafts,Eventbrite,https://www.eventbrite.com/e/420-paint-night-castle-island-south-boston-tickets-1984155559691
Yoga Wid Panda : R&B Yoga Pop Up,"Sun, Apr 19",Boston,"Codman Square Chiropractic and Rehabilitation, Boston",Wellness,Eventbrite,https://www.eventbrite.com/e/yoga-wid-panda-rb-yoga-pop-up-tickets-1986029526777
Newark Career Fair,"Mon, Apr 20",New Jersey,"Hilton, Newark",Other,Eventbrite,https://www.eventbrite.com/e/newark-career-fair-tickets-833923195727
Spring Candle Making,"Mon, Apr 20",Pittsburgh,"Tavern Pizza, Bellevue",Arts & Crafts,Eventbrite,https://www.eventbrite.com/e/spring-candle-making-tickets-1983717162433
Bud & Brushes Puff & Paint Night,"Mon, Apr 20",New Jersey,"The Drip Paint & Sip Studio, Monticello Avenue, Jersey City, NJ, USA, Jersey City",Arts & Crafts,Eventbrite,https://www.eventbrite.com/e/bud-brushes-puff-paint-night-tickets-1984086813068
Books & Brews Trivia Night: A Camp Foreword Mixer,"Tue, Apr 21",Pittsburgh,"Acclamation Brewing, Verona",Culture & Learning,Eventbrite,https://www.eventbrite.com/e/books-brews-trivia-night-a-camp-foreword-mixer-tickets-1985679998328
Read it & Scream - Premier Horror Book Club,"Tue, Apr 21",New Jersey,"Read Mill Books, Clinton",Culture & Learning,Eventbrite,https://www.eventbrite.com/e/read-it-scream-premier-horror-book-club-tickets-1980289361789
Pallet Comedy,"Tue, Apr 21",New Jersey,"Pallet Brewing Company, Maplewood",Music & Entertainment,Eventbrite,https://www.eventbrite.com/e/pallet-comedy-tickets-1982445954215
Painting With Purpose: DRAFT WEEK PAINT NIGHT,"Wed, Apr 22",Pittsburgh,"3206 Maryland Ave, North Versailles Township",Arts & Crafts,Eventbrite,https://www.eventbrite.com/e/painting-with-purpose-draft-week-paint-night-tickets-1985285117228
Paint Nite Brand Creative Events,"Wed, Apr 22",Pittsburgh,"Industry Public House - Lawrenceville, PITTSBURGH",Arts & Crafts,Eventbrite,https://www.eventbrite.com/e/paint-nite-brand-creative-events-tickets-1970800826324
BOOK CLUB: Reading Up (Monthly Meeting),"Wed, Apr 22",Pittsburgh,"31 E Main St, Carnegie",Culture & Learning,Eventbrite,https://www.eventbrite.com/e/book-club-reading-up-monthly-meeting-tickets-1985216349542
Woodworking 101 with David Bielewicz,"Wed, Apr 22",Pittsburgh,"Contemporary Craft - Timmons Studios, Pittsburgh",Arts & Crafts,Eventbrite,https://www.eventbrite.com/e/woodworking-101-with-david-bielewicz-registration-1980561639178
The Empire Strips Back: A Burlesque Parody,"Wed, Apr 22 · 7:30 PM",Boston,"The Main Stage at Huntington Theatre, Boston",Culture & Learning,Fever,https://feverup.com/m/577707
Hasan Minhaj and Ronny Chieng at New Jersey Performing Arts Center - Prudential Hall,"Thu, Apr 23",New Jersey,"New Jersey Performing Arts Center - Prudential Hall, Newark",Other,Allevents,https://allevents.in/newark/hasan-minhaj-and-ronny-chieng-at-new-jersey-performing-arts-center-prudential-hall/2400029767381544
The Art & Color Of Wine @ The Diana Stelin Gallery,"Thu, Apr 23",Boston,"Diana Stelin Gallery, Brookline",Social & Dining,Eventbrite,https://www.eventbrite.com/e/the-art-color-of-wine-the-diana-stelin-gallery-tickets-1982588829559
Iron Horse Party 2026,"Fri, Apr 24",New York,"Tribeca Rooftop + 360°, New York",Other,Eventbrite,https://www.eventbrite.com/e/iron-horse-party-2026-tickets-1982848138158
Sports in Cambridge,"Fri, Apr 24",Cambridge,"The Middle East Restaurant and Nightclub, Cambridge",Social & Dining,Allevents,https://allevents.in/cambridge/sports-in-cambridge/3300029311565138
ON MY BULLS#IT 2026,"Fri, Apr 24",Boston,"Sorrel and Lime, Boston",Other,Eventbrite,https://www.eventbrite.com/e/on-my-bullsit-2026-tickets-1984134836708
Brave the Caves: Cheese Cave Tour - $75,"Fri, Apr 24",Cambridge,"Formaggio Kitchen - Cambridge, Cambridge",Culture & Learning,Eventbrite,https://www.eventbrite.com/e/brave-the-caves-cheese-cave-tour-75-tickets-1626882903559
Chipped Ham Comedy presents Gwen Sunkel & More!,"Fri, Apr 24",Pittsburgh,"Helltown Brewing - Strip District, Pittsburgh",Music & Entertainment,Eventbrite,https://www.eventbrite.com/e/chipped-ham-comedy-presents-gwen-sunkel-more-tickets-1982705237739
Candlelight: Tribute to Queen and The Beatles,"Fri, Apr 24 · 8:30 PM",Boston,"The Sanctuary -  Old South Church in Boston, Boston",Arts & Crafts,Fever,https://feverup.com/m/369085
"GOOD MUSIC FRIDAYS WITH DJJB, HICKS, & TONE SETTA","Fri, Apr 24 · 10:00 PM",New Jersey,"Porta, New Jersey",Music & Entertainment,Resident Advisor,https://ra.co/events/2402877
Castle Point Anime Convention 2026,"Sat, Apr 25",New Jersey,"Meadowlands Exposition Center, Secaucus",Other,Eventbrite,https://www.eventbrite.com/e/castle-point-anime-convention-2026-tickets-1791157382949
SATURDAY APRIL 25: COMEDY KEGGER WITH MATT LIGHT,"Sat, Apr 25",Pittsburgh,"The Comedy Bar @ Remo's, Pittsburgh",Music & Entertainment,Eventbrite,https://www.eventbrite.com/e/saturday-april-25-comedy-kegger-with-matt-light-tickets-1984159482424
Coffee Lovers Run 5K/10K/13.1 NEW JERSEY,"Sat, Apr 25",New Jersey,"Wiggins Waterfront Park (Course Map will be emailed), Camden",Outdoor & Fitness,Eventbrite,https://www.eventbrite.com/e/coffee-lovers-run-5k10k131-new-jersey-tickets-1670748115589
Coffee Lovers Run 5K/10K/13.1 PHILADELPHIA,"Sat, Apr 25",New Jersey,"Wiggins Waterfront Park (Course Map will be emailed), Camden",Outdoor & Fitness,Eventbrite,https://www.eventbrite.com/e/coffee-lovers-run-5k10k131-philadelphia-tickets-1672559042119
Yoga with Goats 2026,"Sat, Apr 25",New Jersey,"OASIS tlc, Red Bank",Wellness,Eventbrite,https://www.eventbrite.com/e/yoga-with-goats-2026-tickets-1984485787411
Julie Nolan Comedy,"Sat, Apr 25",Boston,"Knights of Columbus, Melrose",Music & Entertainment,Eventbrite,https://www.eventbrite.com/e/julie-nolan-comedy-tickets-1979570257930
Comedy Night w/ Daniela Mora @ Elephant & Castle,"Sat, Apr 25",Boston,"Elephant & Castle, Boston",Music & Entertainment,Eventbrite,https://www.eventbrite.com/e/comedy-night-w-daniela-mora-elephant-castle-tickets-1978838992696
Ceramic Mug Making Pottery Workshop,"Sat, Apr 25",Boston,"Travelmug Cafe, Boston",Arts & Crafts,Eventbrite,https://www.eventbrite.com/e/ceramic-mug-making-pottery-workshop-tickets-1983307136033
Paint Night with Brockton Arts Inc,"Sat, Apr 25",Cambridge,"50 Centre St, Brockton",Arts & Crafts,Eventbrite,https://www.eventbrite.com/e/paint-night-with-brockton-arts-inc-tickets-1986050269820
Mediterranean Cheese & Wine Tasting,"Sat, Apr 25",New York,"Murray's Cheese Shop, New York",Social & Dining,Eventbrite,https://www.eventbrite.com/e/mediterranean-cheese-wine-tasting-tickets-1979783035353
2026 Draft Weekend Market at The Terminal,"Sat, Apr 25 · 11:00 AM",Pittsburgh,"2101 Smallman St, Pittsburgh",Social & Dining,Yelp Events,https://www.yelp.com/events/pittsburgh-2026-draft-weekend-market-at-the-terminal
Watson Adventures' Conquer Cambridge Scavenger Hunt,"Sat, Apr 25 · 2:00 PM",Cambridge,"18 Brattle St, Cambridge",Other,Yelp Events,https://www.yelp.com/events/cambridge-watson-adventures-conquer-cambridge-scavenger-hunt-3
"Color Cruise Fest -Late Holi Cruise Party | from Liberty Landing Marina, NJ","Sun, Apr 26",New Jersey,"Liberty Landing Marina, Jersey City",Other,Allevents,https://allevents.in/jersey-city/color-cruise-fest-late-holi-cruise-party-|-from-liberty-landing-marina-nj/100001986105513054
SomerCon: A Mini TTRPG Convention,"Sun, Apr 26",Boston,"Arts at the Armory, Somerville",Other,Eventbrite,https://www.eventbrite.com/e/somercon-a-mini-ttrpg-convention-tickets-1976656557975
REGGAE & SOCA BRUNCH + DAY PARTY,"Sun, Apr 26",New Jersey,"The Lobby NJ, Elizabeth",Outdoor & Fitness,Eventbrite,https://www.eventbrite.com/e/reggae-soca-brunch-day-party-tickets-1985646833130
HEELS DANCE CLASS,"Sun, Apr 26",New Jersey,"604 Valley Rd, Montclair",Other,Eventbrite,https://www.eventbrite.com/e/heels-dance-class-tickets-1983111150836
Park-9 Puppy Yoga with Sweet Paws Rescue,"Sun, Apr 26",Boston,"Park-9 Dog Bar, Waters Avenue, Everett, MA, USA, Everett",Wellness,Eventbrite,https://www.eventbrite.com/e/park-9-puppy-yoga-with-sweet-paws-rescue-tickets-1980549700469
Paint and Plant Workshop,"Sun, Apr 26",Cambridge,"Craft Loft (Cambridge Store), Cambridge",Arts & Crafts,Eventbrite,https://www.eventbrite.com/e/paint-and-plant-workshop-tickets-1984147976008
Ferraro Foods 2026 Mid-Atlantic Food Show | Cucina Rustica Then & Now,"Mon, Apr 27",New Jersey,"Harrah's Resort Atlantic City, Atlantic City",Music & Entertainment,Eventbrite,https://www.eventbrite.com/e/ferraro-foods-2026-mid-atlantic-food-show-cucina-rustica-then-now-tickets-1982460611054
Not Your Bubbe Book Club Discussion of Songs for the Broken Hearted,"Mon, Apr 27",Boston,"The Boston Synagogue, Boston",Culture & Learning,Eventbrite,https://www.eventbrite.com/e/not-your-bubbe-book-club-discussion-of-songs-for-the-broken-hearted-tickets-1983617743067
The Eric and Wendy Schmidt Center Symposium: Biomedical Science and AI,"Tue, Apr 28",Cambridge,"Broad Institute, Cambridge",Other,Eventbrite,https://www.eventbrite.com/e/the-eric-and-wendy-schmidt-center-symposium-biomedical-science-and-ai-tickets-1980720990803
Plant Nite: Make a Succulent Terrarium,"Tue, Apr 28",Pittsburgh,"East End Brewing Company, Pittsburgh",Other,Eventbrite,https://www.eventbrite.com/e/plant-nite-make-a-succulent-terrarium-tickets-1770568671559
"Bell, Book & Candle - Premier Witchy Book Club","Tue, Apr 28",New Jersey,"Read Mill Books, Clinton",Arts & Crafts,Eventbrite,https://www.eventbrite.com/e/bell-book-candle-premier-witchy-book-club-tickets-1980292332675
Creative Era: Pop Star Night,"Wed, Apr 29",New York,"Color Me Mine, New York",Other,Eventbrite,https://www.eventbrite.com/e/creative-era-pop-star-night-tickets-1984933815475
Networking @ Bonesaw IV,"Thu, Apr 30",New Jersey,"Bonesaw Brewing Co., Glassboro",Other,Eventbrite,https://www.eventbrite.com/e/networking-bonesaw-iv-tickets-1985714564717
BOOK CLUB: Yinz Should Read This (Monthly Meeting),"Thu, Apr 30",Pittsburgh,"31 E Main St, Carnegie",Culture & Learning,Eventbrite,https://www.eventbrite.com/e/book-club-yinz-should-read-this-monthly-meeting-tickets-1985651388756
"Ladies Night Paint, Sip & Karaoke","Thu, Apr 30",New Jersey,"South Valley BBQ and Lounge, West Orange",Arts & Crafts,Eventbrite,https://www.eventbrite.com/e/ladies-night-paint-sip-karaoke-tickets-1985835997927
After Work Edit Pottery & Petals Networking Event,"Thu, Apr 30",New Jersey,"Glazed Over Studio - Walk in Art Studio, Ocean City",Arts & Crafts,Eventbrite,https://www.eventbrite.com/e/after-work-edit-pottery-petals-networking-event-tickets-1986038693194
Yelp in Bloom Ticket Giveaway: Win a pair of 2 tickets to WNDR Museum!,"Thu, Apr 30 · 5:00 PM",Boston,"500 Washington St, Boston",Culture & Learning,Yelp Events,https://www.yelp.com/events/boston-yelp-in-bloom-ticket-giveaway-win-a-pair-of-2-tickets-to-wndr-museum
AI Boston Tech Meetup 2026,"Thu, Apr 30 · 6:00 PM",Boston,"Elephant & Castle, Boston",Other,Meetup · AI Boston Meetup & Tech,https://www.meetup.com/boston-startup-and-tech-mixer/events/310409615/
The Joy of Sake New York 2026,"Thu, Apr 30 · 6:30 PM",New York,"125 W 18th St, New York",Other,Yelp Events,https://www.yelp.com/events/new-york-the-joy-of-sake-new-york-2026
Edgar Allan Poe Speakeasy: Chapter Two - Pittsburgh,"Thu, Apr 30 · 8:00 PM",Pittsburgh,"Kelly Strayhorn Theater, Pittsburgh",Culture & Learning,Fever,https://feverup.com/m/598221
The Hold Steady in Cambridge,"Fri, May 1",Cambridge,"The Sinclair, Cambridge",Other,Allevents,https://allevents.in/cambridge/the-hold-steady-in-cambridge/3300029651482437
"Pottery Barn Kids (Pittsbugh,PA) Hosting Silhouettes by Chris","Fri, May 1",Pittsburgh,"Pottery Barn Kids, Pittsburgh",Arts & Crafts,Eventbrite,https://www.eventbrite.com/e/pottery-barn-kids-pittsbughpa-hosting-silhouettes-by-chris-tickets-1985392086175
Henna & Paint Night,"Fri, May 1",New Jersey,"JAS Studios, Rahway",Arts & Crafts,Eventbrite,https://www.eventbrite.com/e/henna-paint-night-tickets-1986126987284
Springtime Cheese & Wine Tasting,"Fri, May 1",New York,"Murray's Cheese Shop, New York",Social & Dining,Eventbrite,https://www.eventbrite.com/e/springtime-cheese-wine-tasting-tickets-1979789108518
Tunes at The Strip District Terminal,"Fri, May 1 · 5:00 PM",Pittsburgh,"2101 Smallman St, Pittsburgh",Other,Yelp Events,https://www.yelp.com/events/pittsburgh-tunes-at-the-strip-district-terminal-2
Speak,"Fri, May 1 · 7:30 PM",Pittsburgh,"6 Allegheny Sq E, Pittsburgh",Other,Yelp Events,https://www.yelp.com/events/pittsburgh-speak
The Boy Band Project at Crossroads,"Sat, May 2",New Jersey,"Crossroads, Garwood",Music & Entertainment,Eventbrite,https://www.eventbrite.com/e/the-boy-band-project-at-crossroads-tickets-1982556635265
Founders Run 5K - UMass Boston Entrepreneurship Club,"Sat, May 2",Boston,"UMass Boston, Boston",Outdoor & Fitness,Eventbrite,https://www.eventbrite.com/e/founders-run-5k-umass-boston-entrepreneurship-club-tickets-1774907729799
Italiani Veri: A musical and comedic journey through Italy with Arianna,"Sat, May 2 · 6:00 PM",Boston,"Regent Theatre, Boston",Music & Entertainment,Fever,https://feverup.com/m/609816
IRONBOUND A stone-walled refuge for Dungeon Synth & Dark Fantasy,"Sun, May 3 · 2:00 PM",New Jersey,"Qxts Night Club, New Jersey",Other,Resident Advisor,https://ra.co/events/2408706
Yelp Community Experience at Salt & Straw (Spring Edition),"Mon, May 4 · 11:00 AM",Boston,"400 Artisan DrSte 1000, Salem",Other,Yelp Events,https://www.yelp.com/events/salem-yelp-community-experience-at-salt-and-straw-spring-edition
Community Event: 7th Street Burger,"Mon, May 4 · 11:00 AM",New York,New York,Other,Yelp Events,https://www.yelp.com/events/new-york-community-event-7th-street-burger
Give Voice Concert,"Mon, May 4 · 7:30 PM",Pittsburgh,"6 Allegheny Sq E, Pittsburgh",Music & Entertainment,Yelp Events,https://www.yelp.com/events/pittsburgh-give-voice-concert
Jersey City Cinco De Mayo Bar Crawl,"Tue, May 5",New Jersey,"The Grove Station, Jersey City",Other,Allevents,https://allevents.in/jersey-city/jersey-city-cinco-de-mayo-bar-crawl/100001356239832849
Mother’s Day Floral Design With Soren Soto of Galleria Botanica,"Thu, May 7",Pittsburgh,"Contemporary Craft - Timmons Studios, Pittsburgh",Arts & Crafts,Eventbrite,https://www.eventbrite.com/e/mothers-day-floral-design-with-soren-soto-of-galleria-botanica-registration-1983694080394
May Cover Every Genre Book Club: 'The Art Thief' - by Michael Finkel,"Thu, May 7",Boston,"Hummingbird Books, Newton",Culture & Learning,Eventbrite,https://www.eventbrite.com/e/may-cover-every-genre-book-club-the-art-thief-by-michael-finkel-tickets-1980682462564
Cirque du Soleil 2026: LUZIA in Oaks,"Thu, May 7 · 8:00 PM",New Jersey,"Greater Philadelphia Expo Center, Philadelphia",Other,Fever,https://feverup.com/m/482659
Solar Return for Change,"Fri, May 8",Cambridge,"Kresge Auditorium, Cambridge",Other,Eventbrite,https://www.eventbrite.com/e/solar-return-for-change-tickets-1761102136899
Hideout Comedy Presents Mike Rainey!,"Fri, May 8",Boston,"The White Bull Tavern Comedy Club Boston, Boston",Music & Entertainment,Eventbrite,https://www.eventbrite.com/e/hideout-comedy-presents-mike-rainey-tickets-1968249188306
MALIE DONN LIVE IN NYC,"Sat, May 9",New York,"299 Sands St, Brooklyn",Other,Eventbrite,https://www.eventbrite.com/e/malie-donn-live-in-nyc-tickets-1983269884613
Bare Belly Laughs: Comedy With Nothing to Hide,"Sat, May 9",Pittsburgh,"The Glitterbox Theater, Homestead",Music & Entertainment,Eventbrite,https://www.eventbrite.com/e/bare-belly-laughs-comedy-with-nothing-to-hide-tickets-1980928949814
5k Beer Run x Aslin Beer Co. | 2026 PA Brewery Running Series,"Sat, May 9",Pittsburgh,"Aslin Beer Co., Pittsburgh",Outdoor & Fitness,Eventbrite,https://www.eventbrite.com/e/5k-beer-run-x-aslin-beer-co-2026-pa-brewery-running-series-tickets-1978758612276
Intro to Improv Embroidery with Alison Stein,"Sat, May 9",Pittsburgh,"Contemporary Craft - Timmons Studios, Pittsburgh",Arts & Crafts,Eventbrite,https://www.eventbrite.com/e/intro-to-improv-embroidery-with-alison-stein-registration-1980784907981
Mother’s Day Sip & Paint Night | Gather & Glow Experience,"Sat, May 9",New Jersey,"100 Liberty St, Little Ferry",Arts & Crafts,Eventbrite,https://www.eventbrite.com/e/mothers-day-sip-paint-night-gather-glow-experience-tickets-1984577891898
Rosé and Watercolor with Artist Heidy Sumei Chuang,"Sat, May 9",Cambridge,"Commonwealth Wine School, Cambridge",Arts & Crafts,Eventbrite,https://www.eventbrite.com/e/rose-and-watercolor-with-artist-heidy-sumei-chuang-tickets-1984147828567
5k Beer Run x Long Live Roxbury | 2026 MA Brewery Running Series,"Sat, May 9",Boston,"Long Live Roxbury, Boston",Outdoor & Fitness,Eventbrite,https://www.eventbrite.com/e/5k-beer-run-x-long-live-roxbury-2026-ma-brewery-running-series-tickets-1980195282395
Baby Goat Yoga at Farrington Nature Linc - May 2026,"Sat, May 9",Cambridge,"Farrington Nature Linc, Lincoln",Wellness,Eventbrite,https://www.eventbrite.com/e/baby-goat-yoga-at-farrington-nature-linc-may-2026-tickets-1980202882126
Guardian Storage 2026 Spring Shred-It,"Sat, May 9 · 11:00 AM",Pittsburgh,"7452 McKnight Rd, Pittsburgh",Other,Yelp Events,https://www.yelp.com/events/pittsburgh-guardian-storage-2026-spring-shred-it
Paint Night Done Right - Boston - Paint and Sip in Boston | Classpop!™,"Sun, May 10",Boston,"Long Live Beerworks, Boston",Arts & Crafts,Eventbrite,https://www.eventbrite.com/e/paint-night-done-right-boston-paint-and-sip-in-boston-classpoptm-tickets-1984998750698
Mother's Day Edition: Ceramic Mug Making Pottery Workshop,"Sun, May 10",Boston,"Blu Dot, Boston",Arts & Crafts,Eventbrite,https://www.eventbrite.com/e/mothers-day-edition-ceramic-mug-making-pottery-workshop-tickets-1983464596000
Those Fabulous Spanish Wines with Wine Educator Jill Kummer,"Mon, May 11",Pittsburgh,"The Kitchen by Vangura, North Huntingdon",Wellness,Eventbrite,https://www.eventbrite.com/e/those-fabulous-spanish-wines-with-wine-educator-jill-kummer-tickets-1986106763795
May Wine Tasting &  Dinner,"Tue, May 12",Cambridge,"Uva Wine Bar, Plymouth",Social & Dining,Eventbrite,https://www.eventbrite.com/e/may-wine-tasting-dinner-tickets-1982785285163
Andres Cepeda,"Fri, May 15",New Jersey,"Ritz Theatre, Elizabeth",Culture & Learning,Eventbrite,https://www.eventbrite.com/e/andres-cepeda-tickets-1406542690049
Spring Wine Tasting,"Fri, May 15",Pittsburgh,"Allegheny HYP Club, Pittsburgh",Social & Dining,Eventbrite,https://www.eventbrite.com/e/spring-wine-tasting-tickets-1984906622139
Beyond the Counter - Adult  Craft Workshop - Flower Pressing,"Sun, May 17",New Jersey,"The Historical Village at Allaire, Wall Township",Arts & Crafts,Eventbrite,https://www.eventbrite.com/e/beyond-the-counter-adult-craft-workshop-flower-pressing-tickets-1984476626009
Pagano's Uva Restaurant & Wine Bar Spring Wine Tasting,"Wed, May 20",New Jersey,"Pagano's Uva Restaurant, Bradley Beach",Social & Dining,Eventbrite,https://www.eventbrite.com/e/paganos-uva-restaurant-wine-bar-spring-wine-tasting-tickets-1985537361698
Parents PAINT night PTO Fundraiser!,"Wed, May 20",Cambridge,"Randolph Elks Lodge #2130, Randolph",Arts & Crafts,Eventbrite,https://www.eventbrite.com/e/parents-paint-night-pto-fundraiser-tickets-1982323026535
TOUR de FRANCE: Understanding French Wines @ Sanctuary,"Wed, May 20",Cambridge,"Sanctuary Cultural Arts Center, Inc., Maynard",Social & Dining,Eventbrite,https://www.eventbrite.com/e/tour-de-france-understanding-french-wines-sanctuary-tickets-1984197272455
Boston Trivia Night,"Thu, May 21",Boston,"Pennyweight Hotel Boston, Curio Collection by Hilton, Boston",Other,Eventbrite,https://www.eventbrite.com/e/boston-trivia-night-tickets-1985529612520
Jersey City Memorial Day Weekend Bar Crawl 2026,"Sat, May 23",New Jersey,Jersey City,Other,Allevents,https://allevents.in/jersey-city/jersey-city-memorial-day-weekend-bar-crawl-2026/100001985370618966
ROCK THE BOAT Pittsburgh All-White Memorial Day Weekend  2026 Party Cruise!,"Sat, May 23",Pittsburgh,"EMPRESS, Pittsburgh",Other,Eventbrite,https://www.eventbrite.com/e/rock-the-boat-pittsburgh-all-white-memorial-day-weekend-2026-party-cruise-tickets-1669797000779
Colby Acuff in Cambridge,"Thu, May 28",Cambridge,"The Sinclair, Cambridge",Other,Allevents,https://allevents.in/cambridge/colby-acuff-in-cambridge/3300029646627106
Russell Peters,"Thu, May 28",New Jersey,"New Jersey Performing Arts Center - Prudential Hall, Newark",Other,Allevents,https://allevents.in/newark/russell-peters/2300029305583504
Russell Peters at New Jersey Performing Arts Center - Prudential Hall,"Fri, May 29",New Jersey,"New Jersey Performing Arts Center - Prudential Hall, Newark",Other,Allevents,https://allevents.in/newark/russell-peters-at-new-jersey-performing-arts-center-prudential-hall/2400029330944135
Ceramics: A Gnome For Your Home (Glaze-Fired),"Fri, May 29",New Jersey,"Wheaton Arts and Cultural Center, Millville",Arts & Crafts,Eventbrite,https://www.eventbrite.com/e/ceramics-a-gnome-for-your-home-glaze-fired-tickets-1979879621244
The Jazz Room: A Tribute to Frank Sinatra & Louis Armstrong,"Fri, May 29 · 6:30 PM",Pittsburgh,"Heinz History Center, Pittsburgh",Music & Entertainment,Fever,https://feverup.com/m/526561
5K Beer Run x Hazelwood Brewhouse | 2026 PA Brewery Running Series,"Sat, May 30",Pittsburgh,"Hazelwood Brew House, Pittsburgh",Outdoor & Fitness,Eventbrite,https://www.eventbrite.com/e/5k-beer-run-x-hazelwood-brewhouse-2026-pa-brewery-running-series-tickets-1983974492113
Full Blue Moon Goat Yoga,"Sun, May 31",Cambridge,"Chip-In Farm, Bedford",Wellness,Eventbrite,https://www.eventbrite.com/e/full-blue-moon-goat-yoga-tickets-1982799916927
Foundations of Yoga - Beginners Yoga Course,"Sun, May 31",New York,"Queens Plaza Studios, Queens",Wellness,Eventbrite,https://www.eventbrite.com/e/foundations-of-yoga-beginners-yoga-course-tickets-1984017127637
Not Your Bubbe Book Club Discussion of  As a Jew By  Sarah Hurwitz,"Mon, Jun 1",Boston,"The Boston Synagogue, Boston",Culture & Learning,Eventbrite,https://www.eventbrite.com/e/not-your-bubbe-book-club-discussion-of-as-a-jew-by-sarah-hurwitz-tickets-1983618359912
Fun Lovin' Criminals,"Tue, Jun 2",Cambridge,"The Sinclair, Cambridge",Other,Allevents,https://allevents.in/cambridge/fun-lovin-criminals/200029718785827
Pete &amp; Bas Save America,"Fri, Jun 5",Cambridge,"The Sinclair, Cambridge",Other,Allevents,https://allevents.in/cambridge/pete-and-bas-save-america/200029872854816
Tank and The Bangas,"Sat, Jun 6",Cambridge,"The Sinclair Music Hall, Cambridge",Music & Entertainment,Allevents,https://allevents.in/cambridge/tank-and-the-bangas/2300029867984011
"The Jury Experience â Diamonds, Lies, and a Dead Man: Will Pittsburgh Deliver Justice?","Sun, Jun 7 · 7:30 PM",Pittsburgh,"New Hazlett Theater, Pittsburgh",Culture & Learning,Fever,https://feverup.com/m/477490
"FIFA Fan Festival NYNJ Match Viewing: ESP v CPV, BEL v EGY, KSA v URU","Mon, Jun 15",New Jersey,"Liberty State Park, Jersey City",Music & Entertainment,Allevents,https://allevents.in/jersey-city/fifa-fan-festival-nynj-match-viewing-esp-v-cpv-bel-v-egy-ksa-v-uru/210003374930896
Boston Career Fair,"Mon, Jun 15",Boston,"Hilton, Boston",Other,Eventbrite,https://www.eventbrite.com/e/boston-career-fair-tickets-775219842417
KQ Book Club,"Wed, Jun 17",Pittsburgh,"Kitty Queen Cat Rescue, Pittsburgh",Culture & Learning,Eventbrite,https://www.eventbrite.com/e/kq-book-club-registration-1985510165353
Broadway Trivia,"Wed, Jun 17",Pittsburgh,"täkō tôrtä, Pittsburgh",Other,Eventbrite,https://www.eventbrite.com/e/broadway-trivia-tickets-1976783708285
Mac McAnally,"Sun, Jun 28",New Jersey,"Cape May Convention Hall, Cape May",Other,Eventbrite,https://www.eventbrite.com/e/mac-mcanally-tickets-1874179303749
Full Strawberry Moon Goat Yoga,"Mon, Jun 29",Cambridge,"Chip-In Farm, Bedford",Wellness,Eventbrite,https://www.eventbrite.com/e/full-strawberry-moon-goat-yoga-tickets-1982801448508
Not Your Bubbe Book Club Discussion of You’ll Find It All Still Here,"Mon, Jul 27",Boston,"The Boston Synagogue, Boston",Culture & Learning,Eventbrite,https://www.eventbrite.com/e/not-your-bubbe-book-club-discussion-of-youll-find-it-all-still-here-tickets-1983619411056
Nate Bargatze at Prudential Center,"Sat, Aug 8",New Jersey,"Prudential Center, Newark",Other,Allevents,https://allevents.in/newark/nate-bargatze-at-prudential-center/2400028837362325
McCormick & Schmick's + Stags' Leap Wine Dinner - Pittsburgh,"Fri, Aug 21",Pittsburgh,"McCormick & Schmick's Seafood & Steaks, Pittsburgh",Social & Dining,Eventbrite,https://www.eventbrite.com/e/mccormick-schmicks-stags-leap-wine-dinner-pittsburgh-tickets-1980751783906
5k Beer Run x Strange Roots | 2026 PA Brewery Running Series,"Sat, Aug 22",Pittsburgh,"Strange Roots Experimental Ales, Millvale",Outdoor & Fitness,Eventbrite,https://www.eventbrite.com/e/5k-beer-run-x-strange-roots-2026-pa-brewery-running-series-tickets-1980773782705
Bruno Mars at Acrisure Stadium,"Sat, Aug 29",Pittsburgh,"Acrisure Stadium, Pittsburgh",Outdoor & Fitness,Allevents,https://allevents.in/pittsburgh/bruno-mars-at-acrisure-stadium/2400029485752650
5k Beer Run x Inner Groove | 2026 PA Brewery Running Series,"Sat, Oct 3",Pittsburgh,"Inner Groove Brewing - Verona, Verona",Outdoor & Fitness,Eventbrite,https://www.eventbrite.com/e/5k-beer-run-x-inner-groove-2026-pa-brewery-running-series-tickets-1984395762143
Ugly Sweater Beer Run x Cinderlands | 2026 PA Brewery Running Series,"Sat, Dec 12",Pittsburgh,"Cinderlands Warehouse, Pittsburgh",Outdoor & Fitness,Eventbrite,https://www.eventbrite.com/e/ugly-sweater-beer-run-x-cinderlands-2026-pa-brewery-running-series-tickets-1978759542057
The Jury Experience - Gift Card,"Tue, Jan 1 · 11:00 AM",Pittsburgh,"Secret Location Pittsburgh, Pittsburgh",Other,Fever,https://feverup.com/m/501958
Unlock Your LinkedIn Profile and Reenter the Workforce — Even After Years Away,"Wed, Apr 8 · 8:00 PM",Pittsburgh,Online,Other,Meetup · Her Dream Map - personal & car,https://www.meetup.com/her-dream-map-personal-career-growth-for-women/events/313968975/
Claude Code: From Setup to Agentic Workflows | AICHR,"Thu, Apr 9 · 6:30 PM",Pittsburgh,Online,Other,Meetup · 🧜‍♀️ The AI Collective Hampton,https://www.meetup.com/aicollectivehr/events/313849897/
